trail_name,distance_km,elevation_gain_m,max_altitude_m,min_temperature_c,exposed_ridge,slippery_surface,estimated_duration_h,difficulty_label
Camminata a Robbiano [25 km / 15 km],24.09409628632238,386.1135009765636,325.06298828125,12.887090576171875,0,0,2.4786111111111113,green
Anello della Valle del Salto (Valle Maggia),11.645939588308204,916.4710000000002,1035.96,8.266259999999999,0,0,5.1258333333333335,green
Langenthal - Hohwacht - Huttwil,14.82825173269686,428.839,804.91,9.768085,0,0,3.5808333333333335,green
Um den Eibsee,16.401554942602846,463.14999999999975,1098.92,7.8570199999999994,0,0,3.6705555555555556,green
Le Littoral de Sainte-Rose,8.137791558222734,133.24599999999998,68.87,14.552345,0,0,2.0188888888888887,green
Col del Maurin 2641 m,15.770086779795369,1002.8909999999998,2642.8,-2.1782000000000004,1,1,4.789722222222222,green
Bachtel (von Wald nach Steg),15.0856260221226,765.2470000000008,1153.62,7.501470000000001,0,0,5.160555555555556,green
Le Gole della Breggia: una passeggiata attraverso la storia della Terra,7.684348595149753,311.15900000000016,414.95,12.302825,0,0,2.945,green
Märzenbecherschau im Donautal,13.13654219622537,388.1309999999996,827.83,9.619105000000001,0,0,4.363333333333333,green
"Guggernüll anticima S, nodo orografico (Q2880)",15.004852560225789,1262.4199462890624,2791.199951171875,-3.142799682617188,1,1,5.9447222222222225,green
Par les combes en direction des Fruitières de Nyon,8.076644637953208,212.404,1395.97,5.926195,0,0,2.2286111111111113,green
Westallgäu: Im Land der Kapfe,14.10317318339514,508.603,1013.51,8.412185000000001,0,0,2.7930555555555556,green
Anello per la Cascata del Cenghen,9.05724421727067,613.655,722.85,10.301475,0,0,2.713611111111111,green
Schambach im Vorfrühling,14.79616723379923,193.32400000000024,570.2,11.2937,0,0,3.2777777777777777,green
Von Aulendorf zur Europäischen Wasserscheide und zurück,18.85320367445373,250.81685937499992,696.13,10.475155,0,0,3.6119444444444446,green
Ticino-Naviglio   lungo le vie d'acqua,16.676143020420252,114.90699999999995,148.58,14.03423,0,0,3.8516666666666666,green
Schönkahler (1688 m) von Osten - kleine Aufbautour nach überstandener OP,11.807212554442158,794.3919999999999,1683.33,4.058355000000001,0,0,3.4455555555555555,green
Regelstein 1315m - von Ricken nach Ottenhofen,8.413940445078671,523.092,1309.69,6.4870149999999995,0,0,2.674166666666667,green
Hegauer Kegelspiel ( III ) : Wannenbergtour,9.13572861168551,289.0219787597657,827.8300170898438,9.619104888916016,0,0,1.9,green
Dreikönigswanderung bei Bichl,10.922320838171194,175.83903124999995,669.22,10.65007,0,0,2.491111111111111,green
"Albishorn ( 909m ), Bürglen ( 915m ) & Hochwacht ( 878m )",6.813642270355272,403.2000000000001,920.2000122070312,9.018699920654297,0,0,2.1075,green
Wedekindlauf 2017 - Wandern statt Rennen,10.203561468346605,340.76999999999987,128.3,14.16605,0,0,1.6058333333333332,green
Run Engiadina Bassa : Lavin - Martina,34.392871286001395,814.4200195312494,1672.0,4.132,0,0,4.4863888888888885,green
Isarwanderung Bad Tölz - Lenggries,13.894835026105243,139.14489062500002,753.81,10.100235000000001,0,0,2.8544444444444443,green
Adler Horst via Panoramaweg e Waldweg,8.189335100120362,381.60000000000014,1365.0,6.127500000000001,0,0,2.1480555555555556,green
Hohe Möhr ( 984m ) & Gleichen ( 958m ),6.465345921745258,575.48701171875,1018.1699829101562,8.381895111083985,0,0,1.6894444444444445,green
Reise zum Mittelpunkt des Kantons Basel-Landschaft,5.524883661664701,118.06500000000004,447.99,12.088065,0,0,1.4797222222222222,green
Von Wörgl nach Westendorf,22.60471724481493,460.4000000000002,813.0,9.7155,0,0,5.290555555555556,green
Monteregio Trail - 27k [Trail Running],25.86876078811435,395.2606342907215,287.0,13.1345,0,0,2.214722222222222,green
"Nördlingen ( 441m ), ringelum...",2.702182896040524,24.518349999999877,438.0,12.153,0,0,0.7505555555555555,green
Neujahrswanderung fast bis zum höchsten Punkt von San Marino,5.129163855180962,216.49999999999977,725.0,10.287500000000001,0,0,1.6969444444444444,green
Narzissenmeer und Krugpflanzen,12.954478899090558,526.224,1394.06,5.938610000000001,0,0,4.2125,green
Anello 5 Torri Chiavari,14.755498934700672,502.1099999999999,347.0,12.7445,0,0,3.7105555555555556,green
Anterselva...gran bella vallata al confine!,4.567776026672239,90.31520993000072,1701.6708984,3.9391391604000017,0,0,1.431111111111111,green
Hochzeitstanz am Haidersee,4.942522357326337,28.707000000000107,1482.49,5.363815000000001,0,0,1.5147222222222223,green
"Unterwegs am ""Hinkelsteinweg"" ;-) zwischen Lärch- und Eibelkogel",9.91568071709888,752.6700000000003,1882.5,2.76375,0,0,2.515277777777778,green
'Slag' auf 'Slag',12.796814291960311,79.14469574119936,21.0,14.8635,0,0,2.5702777777777777,green
Von Ober-Laudenbach zum Kreiswald,9.61501930151818,288.3,377.0,12.5495,0,0,3.444166666666667,green
Isola Palmaria,6.858106658167009,279.162,173.17,13.874395,0,0,2.325833333333333,green
AUGURI da Montevecchia!,16.628657703522602,449.7799530029296,519.5999755859375,11.622600158691407,0,0,1.823611111111111,green
"Schöckl, 1442 m",5.011661208722459,714.8349999999999,1448.58,5.584230000000002,0,0,1.8941666666666668,green
DonauFelsenLäufe ( V ) : Witbergrunde,5.8862158230858865,104.78299560546871,700.4600219726562,10.447009857177735,0,0,1.3916666666666666,green
Rosso Utah....,4.849504767544426,174.67999999999984,1457.73,5.524755000000001,0,0,1.3733333333333333,green
Runde ab Tödtenried,10.32459708055877,132.94799999999998,541.36,11.48116,0,0,2.1325,green
"Von Freiburg auf dem Querweg nach Engen: 100 km Biwak Tour in 2,5 Tagen, Tag 3 Randen, Hegau",26.432772198612366,442.8700000000004,943.4,8.8679,0,0,6.268611111111111,green
Speed Runde im Baselland,21.996851688330445,1211.454,1174.87,7.363345000000001,0,0,3.286111111111111,green
Vom Baumwipfelpfad über den Geiersberg (442 m) nach Handthal,13.150660677831457,520.1000000000003,562.0,11.347,0,0,3.286111111111111,green
Um den Sempachersee Rund herum,20.549341077315574,40.17999999999989,525.58,11.58373,0,0,1.1716666666666666,green
An der Isar bei Bad Tölz,8.588233000048318,86.00046875000021,734.58,10.22523,0,0,1.8983333333333334,green
 Liguria di levante: traversate tra mari e monti da Camogli a Sestri,17.59665214118587,731.0889999999999,459.05,12.016175,0,0,4.914444444444444,green
"Schöckl, 1442 m",9.588997187248921,773.8570000000001,1443.08,5.619980000000002,0,0,3.0330555555555554,green
Kronenburg: Crime Scene auf dem Steinert,12.029094122154559,279.34299999999985,629.43,10.908705000000001,0,0,3.695,green
Vancouver's Strände,29.33393067258838,207.20000000000016,73.0,14.5255,0,0,2.071111111111111,green
HochAlbPfade III : Hossinger Hochalb,14.822459302436423,336.08106689453086,991.739990234375,8.553690063476562,0,0,3.3669444444444445,green
Allgäuer Wandertrilogie Etappe 37: Oberreute-Weiler,17.710483127234205,510.5480000000007,1045.13,8.206655,0,0,3.8208333333333333,green
Hike und Bike - Bichelrundweg und Breitensteiner Berg,4.814199663815131,155.87000000000012,1020.36,8.36766,0,0,0.9691666666666666,green
Weichberg,7.926935654356071,197.1930000000002,955.58,8.788730000000001,0,0,1.3072222222222223,green
Feierabend Tour auf den Üetliberg,6.114663527992433,400.5000000000001,863.0,9.3905,0,0,1.8788888888888888,green
Wanderung von Eigenthal zum Krienseregg,4.960152030374701,173.90229492187495,1092.67578125,7.8976074218750005,0,0,1.1202777777777777,green
Auf der Moor Route zum Kranzbruch,7.901280911573381,70.25999999999976,557.47,11.376445,0,0,2.5475,green
Panoramatour auf dem Plateau de Font d'Urle,7.996666454275369,184.44349999999963,1599.398,4.603913,0,0,2.3866666666666667,green
"Gindelalmschneid (1335 m) - kleine Berge, kleine Taten",8.922814042241304,513.5000000000005,1331.0,6.3485,0,0,0.8841666666666667,green
Falaises d´Amont - Steilwand der Alabasterküste -,8.666637506528591,117.078,121.2,14.2122,0,0,2.1275,green
Rauth.,8.228137253608358,236.7000000000005,1206.0,7.1610000000000005,0,0,1.9344444444444444,green
Von Oppenheim über die Burgruine Landskron nach Nierstein,9.893615035830482,190.2,186.0,13.791,0,0,3.0294444444444446,green
Cornizzolo tour!,17.003784158039714,1041.7401153564451,1200.800048828125,7.194799682617188,0,0,2.4680555555555554,green
Senkelekopf,4.612894418878512,199.448,1057.39,8.126964999999998,0,0,1.176388888888889,green
Höhenzug Hohe Mark,7.129965790084035,111.0,159.0,13.9665,0,0,0.7161111111111111,green
Brüschstockbügel (1488 m) - snowshoe hike,8.523756203195571,561.2000000000002,1541.0,4.983500000000001,0,0,2.752222222222222,green
Durch Tobel und über offene Feldlandschaft: von Rikon nach Pfäffikon,13.185171414191263,243.50799999999992,747.91,10.138585,0,0,3.8783333333333334,green
"Aussichtsloge Gamskopf, 1890m",2.377022584654947,51.5,1858.0,2.923,0,0,0.55,green
Herbstliche Runde bei Schiltberg,13.570970864514388,150.97500000000008,523.58,11.59673,0,0,2.931388888888889,green
La Trace des Ruisseaux,4.340467406351544,159.3410000000001,340.92,12.78402,0,0,1.52,green
Mezzomerico 4° Forest Race,25.165809417824082,237.51999664306624,323.3999938964844,12.897900039672852,0,0,2.191666666666667,green
Von Saas Fee nach Saas Balen,10.660401839557686,50.30369999999971,1805.2401855468747,3.265938793945315,0,0,2.7911111111111113,green
Kirchtürme zwischen Kammel und Günz,14.090315957536887,132.52100000000002,529.34,11.55929,0,0,2.975,green
MTB-Salita alla Capanna Monte Bar,19.51049980195555,929.401,1715.13,3.851654999999999,0,0,4.141666666666667,green
Passeggiata nella nebbia del Parco San Grato,5.238612680044716,653.4599999999999,709.78,10.38643,0,0,1.826111111111111,green
Vogelsang und Urfttalsperre,13.931560261089283,310.627,514.5,11.655750000000001,0,0,4.041666666666667,green
Passeggiata sul Lago d'Orta,3.7163191938240487,24.518349999999877,242.8,13.4218,0,0,0.8327777777777777,green
Blaues Türmchen und Hemsberg,7.401211500384444,252.80000000000004,266.0,13.271,0,0,2.3525,green
Correndo sulla strada dei Bròcc,14.512632270773965,740.2000000000002,1325.0,6.387500000000001,0,0,1.8533333333333333,green
Rundtour von Samstagern an die Sihl,13.897251249273099,270.1879999999999,764.39,10.031465,0,0,3.2219444444444445,green
Hohe Schulter,8.451221702013477,116.1880000000001,947.17,8.843395000000001,0,0,1.64,green
Hegauer Kegelspiel ( VII ) : Krebsbachputzer,12.839994995821687,221.15097656249984,657.2000122070312,10.728199920654298,0,0,3.025,green
La Pointe à Bacchus,4.324165309082663,66.76100000000002,60.22,14.60857,0,0,1.6208333333333333,green
Über die Höhen westlich von Kaufbeuern,19.21161850392945,218.96826562499984,839.37,9.544095,0,0,3.1375,green
Herbst in Mariawald,11.395421331320476,305.545,390.19,12.463765,0,0,3.138333333333333,green
No risk but fun: Lerchkogel,19.36823756353576,1007.7950000000002,1691.1,4.007850000000001,0,0,5.683055555555556,green
Ponte dell'Orco,5.398594301760572,350.25499999999994,714.4,10.3564,0,0,1.5663888888888888,green
Rund um Rothenburg ob Der Tauber,22.26236109763294,312.2169999999998,516.85,11.640475,0,0,5.183611111111111,green
Von Modrava auf den Lusen,11.963757511381324,456.10000000000014,1262.0,6.797000000000001,0,0,1.2002777777777778,green
Tüllinger Berg,11.944009252160843,296.3127999999999,463.6041208496097,11.986573214477538,0,0,3.4588888888888887,green
Spaziergang zum Hochhamm 1275m,8.321781075754743,447.1150000000004,1268.95,6.751825,0,0,2.1930555555555555,green
Normandie-Trail III: Durchs Val de Saire auf den Mont de la Pernelle,12.172186098185271,1221.5,137.0,14.1095,0,0,1.4702777777777778,green
Passeggiata all'Oberalppass,6.896050603989859,355.39999999999986,2313.7,-0.03904999999999781,0,1,2.5355555555555553,green
Zwischen Markneukirchen und Landwüst,15.922682095713117,305.4589999999997,648.07,10.787545,0,0,3.736666666666667,green
Paarquelle und St. Ottilien - eine Runde im Land zwischen Landsberg und dem Ammersee,19.389776486684575,142.61400000000037,632.68,10.88758,0,0,3.8105555555555557,green
Some Like It Hot - Seniorenwanderung am Hallwilersee,14.630526056848765,60.75300000000021,513.96,11.65926,0,0,3.6675,green
Krinau - Schwämmli bei schönem Wetter,5.342872573366906,455.3570000000002,1233.38,6.983029999999999,0,0,1.9777777777777779,green
See Nr.7: Murgsee,10.342318912825322,773.1099999999994,1880.3,2.7780500000000004,0,0,3.492777777777778,green
Von Spiez nach Gwatt - Moränenwanderung ,14.030811008955459,181.37600000000052,684.12,10.55322,0,0,4.2775,green
Alla scoperta di Monte Isola,7.925849417802432,430.81724072926016,647.0483148846948,10.794185953249483,0,0,2.495833333333333,green
DonauFelsenLäufe ( IV ) : Klosterfelsenweg,12.350864363898403,355.07502441406234,703.8200073242188,10.42516995239258,0,0,3.025,green
"Kühl, feucht, nass - ein richtiger Novembertag am Hausberg",8.450306358989806,828.6700000000001,1657.1,4.228850000000001,0,0,2.968888888888889,green
Tannheimer Talrunde,11.971893563082018,113.90000000000032,1156.0,7.486000000000001,0,0,3.623611111111111,green
Mont Royal (233m) - Der Hausberg von Montreal,7.184328139684746,190.40000000000003,195.0,13.7325,0,0,1.7013888888888888,green
Von Burgdorf auf die Lueg 887m,8.776573060081319,374.7639999999999,869.63,9.347405,0,0,2.372777777777778,green
Cornizzolo... di corsa!,15.547287310735548,885.6400000000001,1198.9,7.2071499999999995,0,0,2.2447222222222223,green
Pellegrini a Pietralba,19.1815290375829,1148.917,1537.29,5.007615000000001,0,0,5.084722222222222,green
UNESCO-Weltkulturerbe: Weinbaugebiet Lavaux,9.852448974730473,131.4000000000001,453.0,12.0555,0,0,2.2994444444444446,green
In den Zen-Gärten des Ryogen-in 龍源院,2.377022584654947,24.518349999999877,84.0,14.454,0,0,0.47685,green
Es grünt so grün am grünen Doubs,16.696131423185335,275.75100000000015,513.48,11.66238,0,0,4.381666666666667,green
Nachmittags nach Tärbinu,6.7639235238222675,753.4750000000001,1364.64,6.12984,0,0,2.9794444444444443,green
Lichtblumenmeer,7.280236932808156,352.2679999999991,1538.79,4.997865000000001,0,0,2.930277777777778,green
Unterwegs im Bärengebiet - Herrlicher Herbsttag auf Oistra und Topitza,9.664275840141558,747.6600000000001,1620.9,4.46415,0,0,3.2913888888888887,green
Hegauer Kegelspiel ( VIII ) : Hewensteig ,6.168480593981014,315.6879821777343,861.47998046875,9.400380126953126,0,0,1.3666666666666667,green
E' primavera?? Traversata:Sestri Levante - Deiva Marina baciati dal sole,22.323633133984128,928.1990000000002,353.38,12.70303,0,0,5.862222222222222,green
Dosso di Costalta (1955 m ) - auf der Suche nach dem Bergfrühling,11.335526906484063,652.1760000000004,1958.64,2.268839999999999,0,0,3.593888888888889,green
Friedberg und drumrum,19.794700335404574,208.8460000000001,528.86,11.56241,0,0,4.212777777777778,green
Marbacher Stausee und Einhards-Basilika,2.9728291451950777,52.69999999999988,301.0,13.0435,0,0,0.9911111111111112,green
Untermeitingen + Hattenhofen bei Nebel und Raureif,15.990814829913909,76.61599999999987,577.89,11.243715,0,0,3.9922222222222223,green
Einsame 1000 Höhenmetertour bei nicht gerade pfingstlichen Temperaturen,9.40191978617447,945.5099999999996,1659.9,4.210649999999999,0,0,2.8630555555555555,green
Tour de Moron,34.9282978382656,1007.1249999999995,1364.248046875,6.1323876953125005,0,0,5.299444444444444,green
Hegauer Kegelspiel ( IX ) : Alter Postweg,8.977282650786346,200.96395874023412,822.0599975585938,9.656610015869141,0,0,1.9416666666666667,green
An der Enz bei Mühlhausen,11.00199999095376,159.76965625,249.6,13.377600000000001,0,0,1.2341666666666666,green
Kartause Ittingen - Matzingen (via Stählibuck),14.570888626593984,474.359,671.62,10.63447,0,0,3.9258333333333333,green
Wolkensteiner Berg ( 608m ) & Stein am Rhein ( 402m ),9.007576341615291,332.4749969482421,611.0599975585938,11.02811001586914,0,0,2.6169444444444445,green
Vento di burrasca sulla Greenway- Lario,10.784184123685696,196.154,224.03,13.543805,0,0,3.049166666666667,green
Franziskanischer Pilgerweg mit dem Rad (und zu Fuß),20.05779165150792,190.236,232.78,13.486930000000001,0,0,2.6230555555555557,green
Reussuferweg von Rotkreuz (ZG) nach Ottenbach (ZH),19.5572253470998,49.96500000000003,438.5,12.149750000000001,0,0,4.666111111111111,green
Im Ebersberger Forst bei Hohenlinden,19.681159710808682,152.5339999999999,595.19,11.131264999999999,0,0,3.658611111111111,green
Tête de Momin (3059 m),25.944330986885156,1429.460000000001,3120.0,-5.279999999999998,1,1,8.124444444444444,green
Bike & Hike in Brescia. Second part with Upupa.,19.80799603635021,271.49300000000005,244.76,13.40906,0,0,2.3872222222222224,green
Rund um Lindenfels ,10.942330819215636,276.70000000000016,387.0,12.4845,0,0,3.4116666666666666,green
"Bachab und bachauf, von Obfelden nach Hedingen",16.294549276991628,146.86199999999985,485.21,11.846135,0,0,4.476944444444444,green
Run on the snow....in heaven!,17.504486555243183,330.5099999999993,2104.5,1.3207500000000003,0,1,1.8522222222222222,green
Una grande impresa,6.348155000852992,230.10000000000005,307.0,13.0045,0,0,1.6272222222222221,green
Gita Transfrontaliera: Monte San Giorgio da Viggiù-,13.65688681110059,958.8599999999998,1087.55,7.930925,0,0,4.903888888888889,green
Pizzo d’Era (2618 m) – Skitour,8.927813276621631,922.87,2613.96,-1.9907399999999988,1,1,3.029166666666667,green
Relax e mirtilli alla Capanna Scaradra (2173m),4.405909047442863,552.8061524999996,2178.00415,0.8429730249999992,0,1,2.1275,green
"DonauFelsenLäufe ( II ) : Wilde Täler, fürstliche Höhen",12.26639351203254,307.1950012207034,820.1400146484375,9.669089904785157,0,0,2.890833333333333,green
Mittelbergkamm und Elleggkamm,29.634588594977888,755.8760000000002,1139.81,7.591235000000001,0,0,5.342222222222222,green
"""Halbmarathon"" im Holzwinkel",20.933145867421786,207.54000000000008,490.89,11.809215,0,0,3.9580555555555557,green
Kelheim - beginnt schon der Frühling?,9.024505102282799,24.518349999999877,355.83,12.687105,0,0,1.988888888888889,green
"See Nr. 17: Jostsee, Rundsee, Lengsee, Üelisee - ab Grimselpass",12.477625307763544,757.7800000000016,2748.9,-2.8678500000000007,1,1,3.713611111111111,green
"Torno: chiese, avelli e massi erratici.",10.771479536985977,690.8,671.0,10.6385,0,0,3.4258333333333333,green
Um den Suppensee,6.094335973805321,45.262999999999806,623.43,10.947705000000001,0,0,1.903888888888889,green
"Vom ""Ehrenfriedhof"" zum Brocken (1141m)",14.241155513632675,325.9200000000003,1140.3,7.588050000000001,0,0,4.7575,green
Drehhütte (1210 m) - kurze Schlittentour mit Einkehr,3.246056386185948,351.10000000000014,1237.0,6.9595,0,0,0.47685,green
Regen im Reichswald bei Winkelhaid,19.125213563933467,153.03401562499994,434.65,12.174775,0,0,3.3402777777777777,green
HochAlbPfade II : Tieringer Hörnle,10.35985741815456,170.86703491210915,967.219970703125,8.713070190429688,0,0,2.2916666666666665,green
La Via Francisca al Lucomagno – 2° Tappa - MTB,9.06549259576551,313.1476562500002,668.74609375,10.653150390625001,0,0,1.716388888888889,green
Von Brugg auf die Staffelegg,16.954888178580198,536.075,769.67,9.997145,0,0,4.036944444444444,green
An der Argen und am Bodensee entlang,14.118121555088312,50.18094483999977,413.9848633,12.30909838855,0,0,3.6927777777777777,green
Passo delle Colombe (2381 m),13.408669346704666,543.6740000000004,2381.8,-0.4817,0,1,4.572222222222222,green
Arosa Snow Walk and Run Halbmarathon (Running & Nordic Walking),19.98693930925231,620.3387207031128,2133.302734375,1.133532226562501,0,1,2.3097222222222222,green
Ma varda te che fera...... Alp de Volt 2015,14.91473066709115,643.6469999999999,1697.47,3.966445,0,0,3.973333333333333,green
"Ferrata Rino Pisetta, Cima Garzolet",6.75199799121277,740.1000000000001,980.0,8.629999999999999,0,0,2.2375,green
Vogtländische Schweiz: Die Täler von Trieb und Weißer Elster,9.168385305167904,232.92399999999992,437.54,12.15599,0,0,3.0769444444444445,green
Mit den Schneeschuhen von Bergün nach Davos,18.860268510458777,414.3000000000002,2630.0,-2.094999999999999,1,1,5.541666666666667,green
Arosa Snow Walk and Run Halbmarathon,19.91101130211483,602.6199999999997,2122.2,1.205700000000002,0,1,2.2577777777777777,green
Rundwanderung um den Engelberg,13.151744642007271,500.8467651367188,691.3251953125,10.506386230468749,0,0,3.145277777777778,green
Randen: Von Beggingen nach Siblingen,15.968456565464646,526.7050000000003,938.33,8.900855,0,0,3.2708333333333335,green
Rifugio Alpe Caviano (967 m),11.693731415182373,541.9440000000001,1114.79,7.753865,0,0,3.776666666666667,green
Gole della Breggia,6.709198987842433,248.4047842000001,415.42688,12.29972528,0,0,2.422222222222222,green
Forti di Genova (da Piani Fregoso),9.640784954858825,447.2559999999999,659.41,10.713835,0,0,3.561111111111111,green
Christi Himmelfahrts-Hausbergrunde bei durchwachsenen Verhältnissen!,7.798164225653235,741.94,1620.0,4.470000000000001,0,0,2.137777777777778,green
An der Isar vom Tierpark zum Hofbräukeller in München,9.48951398245187,27.30982812500008,536.55,11.512425,0,0,2.0172222222222222,green
Pendling (1563 m) - Rodel & hike für Feinschmecker!,5.922919497455216,518.2999999999995,1546.0,4.9510000000000005,0,0,0.5875,green
Von Brugg zur Staffelegg - Etappe 2 Jura Höhenweg,16.505722202280616,524.9390000000001,757.18,10.078330000000001,0,0,4.0725,green
"Frankenwald: Der ""Mühlenweg""",17.0476548347369,307.8549999999998,646.62,10.79697,0,0,5.098333333333334,green
Fischbachtal – über die Heuneburg nach Lichtenberg,10.69911381199972,275.4,385.0,12.4975,0,0,3.133611111111111,green
Erkundungen auf Coigach: Achnahaird bay,2.6335064495921636,55.95399999999999,115.5,14.24925,0,0,1.1288888888888888,green
Le rocce rosse di Sedona,5.387424695353217,198.35099999999989,1408.36,5.8456600000000005,0,0,1.8877777777777778,green
"Sigriswiler Rothorn, unterwegs auf Zazas Spuren",17.170435392437813,1273.987,2046.3,1.6990500000000015,0,1,6.698888888888889,green
Kapellenkopf ( 1173m ) & Windgfällweiher ( 966m ),6.930929606773473,200.76300048828125,1183.0400390625,7.3102397460937505,0,0,1.728611111111111,green
Über den Petersberg und Tannenbühl bei Haisterkirch,16.07408186557827,134.13592187500035,660.734375,10.7052265625,0,0,2.863611111111111,green
Volcán Poás,3.283799943673103,252.29700000000048,2714.48,-2.644120000000001,1,1,0.9194444444444444,green
Rund um Hinterzarten 2014,14.60167467227115,445.4599999999997,1210.2,7.1337,0,0,3.183333333333333,green
Pilatus im Nebel,22.53629080860988,1717.9238769531246,2120.8056640625,1.2147631835937514,0,1,7.221388888888889,green
"Lamitz, Schwesnitz, Wojaleite",17.814937645078018,188.40599999999984,589.43,11.168705000000001,0,0,3.7797222222222224,green
Von Reichenbach nach Bensheim,10.594941067515133,250.09999999999985,350.0,12.725,0,0,3.6030555555555557,green
Frühling im Jura,10.723292196930833,402.1260000000003,1331.08,6.3479800000000015,0,0,3.785833333333333,green
7-Eggen-Höhenweg,7.4656057991455675,188.82001342773435,1069.4000244140625,8.048899841308593,0,0,2.5452777777777778,green
Cappadocia: Rose & Red Valley,3.8474369519676435,104.72500000000014,1109.78,7.78643,0,0,1.55,green
Monte della Strega 1.279m,5.958818637720454,283.23,1234.5,6.97575,0,0,1.7972222222222223,green
"Hochlantsch, 1722 m",7.536177386440797,540.3600000000001,1713.69,3.861015,0,0,2.381666666666667,green
Rothore (2276m),18.40752123131735,418.0319999999994,2275.1,0.21185000000000187,0,1,5.433611111111111,green
Passeggiata ad Ascona,13.486559672081231,388.408,431.74,12.19369,0,0,4.210555555555556,green
ALPE CAMASCA (Cusio - Vallestrona),8.476258492390045,1070.247,1203.35,7.178225000000001,0,0,2.723333333333333,green
Cliff Walk Whitby/Robin Hood's Bay,8.217492566384614,155.36799999999994,113.63,14.261405,0,0,2.638888888888889,green
"""Sentiero del Viandante"" - da Maggiana a Lierna",16.30062804800801,413.7659999999999,442.82,12.12167,0,0,3.7480555555555557,green
"Monte San Giorgio ""50 sfumature ..anche di grigio""",8.665402622333316,583.5689999999998,1113.34,7.7632900000000005,0,0,2.5605555555555557,green
Projekt ZH40: Chäferberg,6.612466540561233,146.1000000000002,586.0,11.191,0,0,1.4636111111111112,green
"Ein typischer Aargauer Cocktail: Flüsse, Biber, Industriekultur und Ruinen",10.485454573027766,3199.936010000003,407.0,12.3545,0,0,1.3416666666666666,green
Vom Burgäschisee zur Chilchliflue,7.3193403059428,181.48979999999975,590.008,11.164947999999999,0,0,1.913888888888889,green
Ein kurzer Tripp ins Murnauer Moos,12.068519780891256,106.02899999999988,712.95,10.365825000000001,0,0,2.887777777777778,green
Behäbige Bauernhöfe rund um den Rüegsaugraben,23.278266796158935,499.7600000000002,906.18,9.10983,0,0,5.683055555555556,green
Monte Bigorio (1167 m),6.553718891595075,556.2669999999999,1168.14,7.407089999999999,0,0,2.9305555555555554,green
"Man soll sich nie auf die Meteofuzzis verlassen ☺ ""Autobergsteiger"" erstürmten die Mugel",8.865050380041819,821.2400000000002,1658.3,4.22105,0,0,2.288611111111111,green
Saint-Jean-d‘Alcas - auf den Spuren der Templer,7.936941644697902,214.19440000000012,609.1556059570313,11.040488561279297,0,0,3.075833333333333,green
Day 1: Se non cascan le cascate si va in Lessinia. ,2.480571892890869,24.518349999999877,1534.38,5.026529999999999,0,0,0.6405555555555555,green
Sihlbrugg - Zurich : traversée de la chaine de l'Albis (trailrun),24.80596176436969,772.4199645996098,928.7999877929688,8.962800079345703,0,0,3.303888888888889,green
Tour de Moron,21.879172216468692,850.3800000000001,1324.0,6.394,0,0,4.638333333333334,green
"Von Saignlegier zum Doubs, hinauf nach Le Noirmont und zurück nach Saignlegier",22.62673117912589,758.7739999999998,1077.78,7.99443,0,0,6.800833333333333,green
Eis am Hutziker Bach,10.169548541474942,304.326,821.44,9.66064,0,0,3.3027777777777776,green
Rund um den Greifensee,19.79402558276593,169.062,494.31,11.786985,0,0,3.1925,green
"""CONCATENAMENTO""  TRA LE  FRAZIONI  di OMEGNA- CASALE C.C e GRAVELLONA TOCE",12.93597417179868,448.9280000000003,510.03,11.684805,0,0,3.845,green
Muckross Lake (Umrundung),9.620922127172236,160.97000000000006,48.72,14.68332,0,0,1.843888888888889,green
Alle sechs Extrempunkte von Sylt NF,17.1991484351156,24.518349999999877,11.94,14.92239,0,0,1.431111111111111,green
Fivefingertour Steffisalp - Bürstegg,11.123930393075963,139.6083713469286,1513.0,5.1655,0,0,4.066944444444444,green
Projekt ZH40: Adlisberg (701m),7.278273306428642,181.30000000000007,697.0,10.4695,0,0,1.5930555555555554,green
Die Bank am Holderbach,8.460715740167316,181.2500000000001,573.32,11.27342,0,0,2.3075,green
Allgäuer Wandertrilogie Etappe 18: Durach-Blockhäusle,21.556391873606973,600.7459999999999,1072.35,8.029725000000001,0,0,4.553333333333334,green
Capanna Cremorasco : tanta pioggia e tanta allegria,2.377022584654947,94.77199999999992,1121.18,7.71233,0,0,0.5772222222222222,green
Buchackeralm,5.195496007127234,939.2080078125,1390.684326171875,5.9605518798828125,0,0,1.7722222222222221,green
Wildnis am Stadtrand,8.6482718663631,185.7609999999999,614.47,11.005945,0,0,2.781388888888889,green
centro fondo Ceci,10.588611282038764,519.2210000000002,1452.69,5.557515,0,0,3.6130555555555555,green
8a Lago Maggiore Half Marathon 2015,21.277923727548487,363.3999999999999,267.0,13.2645,0,0,2.033611111111111,green
Seenrunde bei Krün,10.596098928476845,131.84699999999987,965.78,8.72243,0,0,3.0641666666666665,green
"""Anello Azzurro) e ""Green Way"" : due laghi per un weekend tranquillo e ....al caldo""",21.379721760935922,535.607,447.66,12.090209999999999,0,0,5.289722222222222,green
Schönecker Burg und Ichter Berg,10.015392334495196,179.89999999999992,504.2,11.7227,0,0,3.012777777777778,green
Projekt ZH40: Gubrist,8.04060821334469,149.79999999999984,663.0,10.6905,0,0,1.4797222222222222,green
Bisse Vieux & Grand Bisse de Vex,14.209574060956703,325.2999999999988,1568.1,4.807350000000001,0,0,4.4255555555555555,green
Farneralp auf Umwegen,7.943905388496703,437.45000000000016,1134.39,7.626465,0,0,2.185,green
Jurapark III: Ungestört unterwegs auf der Mandacher Störung,4.805864498362592,136.70000000000005,612.0,11.022,0,0,0.5269444444444444,green
"Scheuerkopf ( 1011m ), Hohe Muttlen ( 1143m ) & Dietenschwander Kopf ( 1099m )",9.975782989458185,392.69302368164085,1149.3900146484375,7.528964904785156,0,0,2.466111111111111,green
Plaun Grond (2141 m) – Val Uffiern,12.463919953834127,630.7219999999995,2150.13,1.0241550000000004,0,1,3.9755555555555557,green
"Riedernberg ( 857m ), Ruchberg ( 826m ) & Kornbühl ( 887m )",6.521011078970067,330.07402343749993,871.0900268554688,9.337914825439453,0,0,1.5166666666666666,green
Cascata Fermona,5.296546213815228,148.58700000000013,329.44,12.858640000000001,0,0,1.2666666666666666,green
Beurener Fels und Ruine Hohenneuffen,10.988506307882583,397.4067265095782,720.464358359219,10.316981670665076,0,0,2.3255555555555554,green
...a 78 metri dal   MONTE GIOVE (mt:1298) rinviato???? spero......,11.266369727690888,969.506,1198.93,7.206955,0,0,4.7844444444444445,green
Thurwasserfälle,8.402963009849772,182.00000000000037,1032.6,8.2881,0,0,2.7713888888888887,green
Von Steinkirchen zur Dandelbergalm,5.863539561797404,99.10099999999989,836.96,9.55976,0,0,1.8502777777777777,green
Viala-du-Pas-de-Jaux - auf den Spuren der Templer,7.539068596548699,116.7340000000014,824.038412109376,9.643750321289055,0,0,2.660277777777778,green
Kurze Wanderung auf den Vesuv,7.926834614450298,370.0,1223.0,7.0505,0,0,1.9505555555555556,green
Im Hügelland westlich von Ansbach,18.7617273044779,165.11799999999988,515.88,11.64678,0,0,3.827777777777778,green
Jurapark II: Sonnenuntergang am Laubberg mit Paraglidern,2.7574458835469704,3199.936010000003,529.0,11.5615,0,0,0.6086111111111111,green
Si replica a Montisola...,12.336837289717028,440.5060000000001,602.15,11.086025,0,0,3.6597222222222223,green
Forêt de Mervent,10.050159310671315,222.20000280000005,97.96,14.36326,0,0,3.225,green
Auf dem Tegernseer Höhenweg von Gmund nach Tegernsee,12.213096881502445,331.0507031250001,940.1328125,8.88913671875,0,0,1.9719444444444445,green
Bluescht-Wanderung im Baselbiet,18.56438754668273,488.3179999999999,652.62,10.75797,0,0,4.391944444444444,green
 «Dr schnäuscht Wäg nach Worb» ...,22.99742030097001,634.6509999999996,1111.9,7.77265,0,0,6.355,green
Schönwieskopf (1994 m) im Schneesturm,5.973537442846223,569.5,2033.0,1.7855000000000008,0,1,2.6130555555555555,green
"N49E09, Baiselsberg ( 477m ) & Eselsberg ( 392m )",7.6498410757683475,371.21098632812505,493.7699890136719,11.790495071411133,0,0,1.8505555555555555,green
Die Chinesische Mauer in Kroatien,3.4017373374050286,147.4,124.0,14.194,0,0,1.035,green
Geschriebenstein (884m) - Der Höchste im Burgenland,13.2085624425631,627.211,882.15,9.266025,0,0,3.167222222222222,green
Emmen Uferweg,26.212002699280703,132.33799999999985,513.42,11.66277,0,0,2.2975,green
Monte Barro 1022 m,11.13044067805449,930.7117187499998,858.40234375,9.420384765625,0,0,3.801388888888889,green
Schneelochumrahmung - Überschreitung von Fleischbank (2186 m) und Totenkirchl (2190 m),14.901493410257501,1301.9401855468634,2180.60009765625,0.8260993652343753,1,1,3.461388888888889,red
Gemsfairenstock im Sommerschnee,14.236844860401584,1104.8429999999996,2976.38,-4.34647,1,1,5.871944444444445,red
Pointe de Drône (2950 m),8.065192364098932,575.760034179687,2937.60009765625,-4.094400634765623,1,1,2.8944444444444444,red
"""riesige"" Wendelsteinrunde - 22 Gipfel auf einen Streich",29.61922224565766,2562.320098876946,1840.19995117188,3.03870031738278,1,0,8.321111111111112,red
"Monte Legnone, 2609 m.",10.856945116495314,1139.1990000000003,2607.14,-1.9464099999999966,1,1,3.9975,red
Grand Assaly e Point de Loydon,20.07059820547352,1784.2200000000005,3120.41,-5.282664999999998,1,1,6.441944444444444,red
Hirzli und Planggenstock ab Niederurnen,15.244923827124728,1297.6200000000006,1674.88,4.11328,1,0,4.0525,red
Über die Galiteflue zur Schibe,10.76757976634331,921.3458999999996,2139.412,1.0938220000000012,1,1,3.8744444444444444,red
Arete Valegino Cadelle,16.920518544773806,1432.2598632812417,2482.60009765625,-1.1369006347656239,1,1,6.067777777777778,red
Überschreitung des Geissachergrat,5.695410579282866,396.01496582031245,829.2744140625,9.60971630859375,1,0,1.6202777777777777,red
2o Giorno della Notte Bianca della Girovagando - tentativo fallito cima - tentativo RISOTTO riuscito,9.385670122230911,634.7539999999998,2318.18,-0.06816999999999851,1,1,4.254444444444444,red
Piz Bellavista (3.922m) senza vista.....,12.825073662043023,79.74700000000075,3662.72,-8.807679999999998,1,1,4.01,red
"Almagellerhorn (3327m), depuis Saas Almagell",13.449430979767543,1597.6,3280.0,-6.32,1,1,3.5705555555555555,red
"Monte Luvot, Castello di Gavala, Il Massale, Res (Bec d'Ovaga)",25.43752015969862,1880.9249999999995,1826.0,3.1310000000000002,1,0,8.477777777777778,red
Pizzo Cefalone e Pizzo Intermesoli (Gruppo del Gran Sasso),18.6596716469129,1223.2810000000004,2643.33,-2.1816449999999996,1,1,7.12,red
Winter hike to Schijen (2259 m) and Chli Gumen (2247 m),11.322193069775075,1714.1000000000004,2308.0,-0.0019999999999988916,1,1,5.465833333333333,red
Grattour über die Serra de la Punta & die Serra del Cavall Bernat (Mallorca),15.57188788268083,732.5399802399997,309.20001,12.990199935,1,1,1.7780555555555555,red
Prova di autoassicurazione alla Serra Neire (2986 m),6.6156048529963485,601.7199218750002,3000.60009765625,-4.503900634765625,1,1,2.3963888888888887,red
Rautspitz via Trosweg und Wiggis,11.69044853017652,1352.505,2277.9,0.19364999999999988,1,1,4.080277777777778,red
Sass di Pesgunfi (Val di Mello) : Via Scoobidoo,2.58702860791937,612.2000122070312,1547.4000244140625,4.941899841308594,1,0,0.7463888888888889,red
Benmore + Achill Head,11.40612962110917,585.9800740092008,357.23100032,12.67799849792,1,0,3.5052777777777777,red
Chierico Zerna Masoni,17.602441519017844,1876.207495117189,2658.80004882812,-2.282200317382781,1,1,6.04,red
Im zweiten Anlauf auf die Hohe Dock (3348 m),21.965251274569777,2225.6312575559323,3380.3202325146312,-6.9720815113451025,1,1,6.5680555555555555,red
Zwischen Flugzeugen auf den Wiggis 2282m ,18.34871428397679,1971.4719725999996,2284.710693,0.14938049550000088,1,1,5.946944444444444,red
Pedum (2111m) - Valgrande,15.589825323234038,1411.9420894,2160.219971,0.9585701885000013,1,1,6.509444444444444,red
 Pizzo Zerna Cime Scoltador Pizzo Cigola,27.044805286172664,2258.4880615234383,2632.19995117188,-2.1092996826172197,1,1,8.3525,red
Bergseeschijen,9.33657889313296,1125.1449999999998,2810.34,-3.2672099999999986,1,1,3.3066666666666666,red
Von der Jöchelspitze zur Ramstallspitze,14.851357235054117,1125.945999999999,2532.45,-1.4609249999999996,1,1,4.303055555555556,red
Traumtag am Balfrin 3796m,10.5468583172383,26.06599999999935,3816.52,-9.807379999999998,1,1,3.3758333333333335,red
 Palon de la mare da Malgamare,18.25385661496463,1735.9862060546811,3703.10009765625,-9.070150634765625,1,1,7.323888888888889,red
"Schwalmere, Hoganthorn und Drättehorn für Vorsichtige",16.084482280132697,1457.9000000000008,2745.0,-2.8424999999999976,1,1,10.006388888888889,red
"Marwees via Gloggeren, Nadle und Hundstein",16.793879041055867,1515.3469999999998,2156.46,0.9830100000000002,1,1,5.090277777777778,red
Stuhlkopf N-S Überschreitung,9.74251370243286,1085.9490000000003,2046.78,1.6959300000000006,1,1,2.944722222222222,red
"Hochvogel, 2592m und Jubiläumsweg mit Kastenkopf, 2129m",7.980888087231614,1034.277,2032.36,1.7896600000000014,1,1,3.151388888888889,red
Sòta e sura al Madalena...,10.84365980624977,804.2250000000001,849.79,9.476365000000001,1,0,4.099722222222222,red
Bärenkopf und Kleiner Widderstein Überschreitung,9.106335329734286,1035.328,2189.23,0.7700050000000012,1,1,2.8961111111111113,red
Burgberger Hörnle-Südkante und Aurikelgrat,3.1974017325233186,24.518349999999877,1210.0,7.135000000000001,1,0,0.9444444444444444,red
Rauti - Wiggis und (so) weiter: Grosse Rautialp-Runde,14.046677199097125,427.7799999999995,2258.27,0.3212450000000011,1,1,4.352222222222222,red
Besuch von meinem neuen Hausberg - Federispitz,12.555342256454527,1461.5669999999996,1908.92,2.5920199999999998,1,0,4.299166666666666,red
Al Forte di Orino sotto la neve,7.654411535676985,709.0202387999999,1113.824463,7.760140990500001,1,0,1.8444444444444446,red
Mont Fort (3329 m),22.2097259128186,1561.900170898438,3291.60009765625,-6.395400634765625,1,1,7.261388888888889,red
Lògia (3080M)-Pizzo Baratin(3037m)-PizzoCramorino(3134m)-Vogelberg(3218M)-Rheinquellhorn(3200m),21.565823212680062,1695.7050000000013,3219.11,-5.924215,1,1,8.2175,red
Notturna al Forte di Orino- Campo dei Fiori,5.27735063794995,638.1899999999999,1145.6,7.553600000000001,1,1,1.9777777777777779,red
Wyss Wändli (Grosser Mythen 1898m),7.186080320013444,1043.4590000000003,1893.93,2.6894550000000006,1,1,2.745277777777778,red
Hochwildstelle,19.382932976580793,1653.5620000000013,2717.8,-2.665700000000001,1,1,5.660555555555556,red
Vom Brünigpass über den Gibel zum Güpfi,20.05036134960768,1546.1011999999996,2035.418,1.769783000000002,1,1,6.966388888888889,red
Thunder Mountain and some other peaks and ridges northeast of Silver Lake,15.55181867555822,625.3000000000006,2850.0,-3.5249999999999986,1,1,1.5577777777777777,red
"Chli- und Gross Chilchberg, Höch Turm",19.738182436763175,886.6699999999998,2661.88,-2.3022199999999984,1,1,5.830277777777778,red
Große Schlicke-Überschreitung Ostgrat-Südwestgrat,6.441371960156662,1387.556,2127.38,1.1720299999999995,1,1,2.6308333333333334,red
Brunnbergkamm (1529m) - Überschreitung vom Kofel zu den Zähnen,7.48038464192078,909.4210000000002,1615.27,4.500745,1,1,2.95,red
Dent de Combette,18.890295882232707,1571.0391117076408,2092.0579414371,1.401623380658851,1,1,6.354722222222223,red
Via Hächlengrat auf den Hächlenstock 2316m - Schafleger 2024m,11.085746111492295,1044.6646731000008,2322.682617,-0.09743701049999842,1,1,3.3955555555555557,red
Madone di Càmedo 2446m,13.369257090537655,1793.824,2448.62,-0.9160299999999992,1,1,5.903888888888889,red
Ritterpass - Punta Est,10.660200449141412,454.6999999999996,2872.0,-3.6679999999999993,1,1,2.9783333333333335,red
Rigi Hochflue via Hochflueplatten,13.167533795147024,1394.6780000000003,1688.2,4.0267,1,1,3.7955555555555556,red
Gerenhorn 3076m,10.135965563467936,1146.276999999999,3082.12,-5.03378,1,1,3.734722222222222,red
Piz Medel (quasi),16.962058962763358,1799.9640000000006,3074.75,-4.985875,1,1,4.92,red
Vrenelisgärtli von der Guppenalp nach Chäseren,9.42868019216008,1188.6,2906.0,-3.8889999999999993,1,1,2.5091666666666668,red
Kreuzspitze (3457m),18.480068317399716,1982.4700000000005,3384.9,-7.001850000000001,1,1,6.029444444444445,red
“Attorno” al Mont des Ritses (2916 m),8.984492501407457,1053.9799072265623,2828.0,-3.381999999999998,1,1,4.003055555555555,red
Hochnisslüberschreitung,10.536427215470493,692.7149999999998,2551.0,-1.5814999999999984,1,1,4.410555555555556,red
Ofentalhorn e Pizzo di Antigine,25.253852604347944,2014.246,3186.49,-5.712184999999998,1,1,8.791944444444445,red
Piz Surparé (3078 m) - hike from Bivio,11.97384533819412,1301.5999999999997,3128.0,-5.332000000000001,1,1,5.268611111111111,red
Lienzer Spitz via Nordostgrat und Hoher Kasten,3.983642416731868,1317.63,1775.74,3.4576900000000013,1,1,1.4819444444444445,red
"Monte Bardan, Cima di Barna, Monte Baldiscio",21.773104504508176,1703.0959999999995,2858.46,-3.5799899999999987,1,1,6.805,red
Piz Calderas (3397 m) - hike from Alp Flix,12.577868535225951,1492.7999999999995,3449.0,-7.418499999999998,1,1,5.136666666666667,red
On the ridge from Fanenstock (2235 m) to Foostock (2611 m),19.530663602063985,1770.1999999999998,2663.0,-2.3095,1,1,7.937777777777778,red
Crop dal Bog - Valle Antigorio,8.972543613682241,839.8480000000003,1159.97,7.460195000000001,1,0,3.513888888888889,red
Gerberkreuz + Abstieg über die Karwendelköpfe,19.04678937748092,1503.9,2308.8,-0.007200000000000983,1,1,5.264444444444444,red
Hundsrügg - Birehubel - Wannehörli,17.062349322745362,1189.1470000000002,2046.78,1.6959300000000006,1,1,4.549444444444444,red
Alp Sigel und Borgartenfirst,11.503280596165899,1233.188,1805.15,3.2665249999999997,1,1,5.0,red
"Ammertenspitz : arête NW (Äugigrat), traversée Adelboden - Engstligenalp",11.812266992762034,1096.7800292968743,2452.199951171875,-0.939299682617186,1,1,4.545555555555556,red
Eggenkofel,12.487015484713114,1072.6999999999998,2579.0,-1.7635000000000005,1,1,3.6,red
Fil de Stabi (2801 m),16.935945318938614,1106.820068359375,2797.800048828125,-3.1857003173828105,1,1,6.098611111111111,red
Ohne Klettersteig am Hochjoch(2520m)/Montafon,7.252717971567737,559.56,2470.1,-1.05565,1,1,2.3786111111111112,red
Pizzo d'Alben e Pizzo Cornagiera,18.4687362224566,1403.6809999999994,2043.69,1.7160150000000005,1,1,5.496388888888889,red
Bärensoolspitz - Tierberg - Bockmattlistock,10.678209897951044,939.84,1892.2,2.7006999999999994,1,0,3.5102777777777776,red
Großer Möseler (3480 m) - gletscherfrei von Süden,12.43712826984261,1900.3000000000009,3437.0,-7.340499999999999,1,1,1.2069444444444444,red
Nadlenspitz und Fählenschafberg,5.582854484658347,751.1999999999998,2149.19,1.030265,1,1,1.7880555555555555,red
Bockmattlistock + Tierberg,8.200570563007352,843.349107761858,1989.98780032,2.0650792979200006,1,0,3.1505555555555556,red
"Hauserspitze (2855m), mühsehlig, aber aussichtsreich.",14.733805024277931,1796.0309999999995,2848.52,-3.5153800000000004,1,1,5.164722222222222,red
Ober Tatelishorn 2962m,12.912413292464587,1133.1269999999995,2957.51,-4.223815000000002,1,1,3.5797222222222222,red
Zum Vreneli via Chalttäli,4.92024139634299,1073.448,1882.14,2.76609,1,1,2.0522222222222224,red
Pizzo Forno,6.558172511490805,1217.3313838674876,1995.63490048,2.0283731468800017,1,0,2.370833333333333,red
Passo del Vallone (di Ban)- Val Formazza,14.485304052340096,1148.2670000000005,2787.24,-3.1170599999999986,1,1,5.0725,red
Punta Chermontane(2680m) da Marqueron-Fenis(Ao) ,11.361687928124486,1201.032,2674.1,-2.381649999999997,1,1,4.100833333333333,red
Rautispitz Trosweg + Wiggis Nordgrat,12.28448648138005,1383.460548951368,2249.26800128,0.37975799168,1,1,4.733611111111111,red
Termin-Ator band in : Motton 2739m e Piz da Termin 2902m,15.013993078855895,1613.2890000000004,2894.67,-3.8153550000000003,1,1,5.971388888888889,red
Hawkins and Pickett Peak - There's still some snow left in California's Sierra,19.54039028195306,997.4000000000004,3019.0,-4.6235,1,1,1.9394444444444445,red
Piz Rondadura (3.016m),10.960692734622668,1098.5880000000006,3013.39,-4.587034999999997,1,1,3.743333333333333,red
Lauiberg at sunset,7.438372983634221,837.7976500449279,2026.0,1.8310000000000013,1,1,3.2025,red
Grosse Runde in der Caldera de Tirijana,18.85406976778365,703.7069999999997,903.65,9.126275,1,0,5.812777777777778,red
Ruessifluegrat - Galtigentürme,13.93488158987266,2259.194592310001,2036.6901855,1.7615137942499999,1,1,3.723888888888889,red
Dent d'Oche : bike & hike au départ de St Gingolf,32.85859405125381,1836.5800000000004,2308.6,-0.005899999999998684,1,1,6.698333333333333,red
"Gstanskopf, 2730m über den Westgrat",8.554660183164449,1052.927,2725.96,-2.7187400000000004,1,1,3.402222222222222,red
Chatzensteg,5.082569050593,295.4613037109374,855.22998046875,9.441005126953126,1,0,1.5675,red
"Tierhöri (oder Tierhörnli, 2894 m): Doppelgipfel über der Engstligenalp",10.169399971113691,1045.1,2895.0,-3.817499999999999,1,1,3.507222222222222,red
Chüemettler at sunset,5.3846506821352635,502.8277274470168,1655.72,4.237820000000001,1,0,1.6966666666666668,red
"Geierköpfe Westgipfel, 2143m über das Teufelstal",5.449143423003442,1072.0000000000005,2121.0,1.2134999999999998,1,1,2.675,red
Alvier-Gauschla,19.15610593627341,1322.2200256347658,1905.199951171875,2.6162003173828126,1,1,1.8597222222222223,red
Ralligstöck und Spitzi Flue by fair means,5.2047101764878825,712.4273596159999,1568.84669952,4.802496453120002,1,1,1.3502777777777777,red
Des Ländles schönster Grat: Von Planken nach Vaduz,17.828252629597912,1509.7199999999996,2125.91,1.1815850000000019,1,1,4.897222222222222,red
Pizzo D'Orsalia (2664 ),12.238397501637815,1454.437,2662.03,-2.3031949999999988,1,1,4.631944444444445,red
Chammhalden & Girenspitz Variationen,3.6631136130827575,1138.1,2462.0,-1.0030000000000001,1,1,1.476388888888889,red
"Hintere Grinbergspitze (Kristallner) 2884m, einsames Ziel in den Tuxer",12.281252326250122,1785.934,2879.77,-3.7185050000000004,1,1,4.336388888888889,red
Pizzo Gro,18.23816769073051,1960.6900634765595,2652.80004882812,-2.2432003173827795,1,1,6.326666666666667,red
Corso alp. CAS - 2a uscita - Campo base Rifugio Bignami (2401 m)-2° giorno - Ghiacciaio Fellaria,7.575826971069416,554.7748779296871,2941.86767578125,-4.122139892578126,1,1,2.5677777777777777,red
"Cima di Razzarola, Cima di Locce, Cima della Gavosa",15.26516869240802,1403.2489999999998,1704.71,3.919385,1,0,5.104166666666667,red
"Süd-Nord-Durchquerung der Bergamasker Alpen, Tag 6 (neu)",13.755627750801825,1055.6,2614.0,-1.9909999999999997,1,1,0.47685,red
Piz Grevasalvas (2932m) via Südwestgrat,6.613474063395294,1184.1519974399998,2932.0,-4.058,1,1,2.281111111111111,red
Plattigspitzen-Kogelseespitze Überschreitung,2.377022584654947,565.8150000000005,2597.49,-1.8836849999999963,1,1,0.47685,red
 M. Aga Pizzo Rondenino,21.783733586589513,1770.4871582031365,2746.5,-2.852249999999998,1,1,5.429166666666666,red
Chammhaldenroute - Sonne und Nebel,4.293678994428356,1237.1439999999998,2515.62,-1.3515299999999968,1,1,0.6830555555555555,red
Hasenflüeli + Jägglisch Horn,10.675734681359213,1021.6519416201396,2409.23399936,-0.6600209958399983,1,1,4.2675,red
Motto Rotondo Q2245 e Dosso Bello Q1980,9.703538716446484,1251.108,2234.83,0.47360500000000094,1,1,3.950277777777778,red
Enigme familiale : le mystère du Sentier des Echelles de Plagne,6.735457201313827,519.6600158691406,942.0,8.877,1,0,1.8469444444444445,red
Rax - Großes Übeltal/Schüttersteig,15.858239201845839,1508.0201905299996,1488.7390137,5.3231964109500005,1,1,3.7397222222222224,red
"Gitschen ""The Skull"" 2513m",9.056933396420018,1268.9309999999998,2516.39,-1.3565349999999974,1,1,3.8958333333333335,red
Pizzo Stella da Borgonuovo,24.454751044799533,2798.379949951175,3163.0,-5.5595,1,1,9.679166666666667,red
Ruessiflue - Matthorn - Esel (Südgrat),12.44751376109889,1138.7200000000005,2120.32,1.2179199999999994,1,1,3.3697222222222223,red
Thron-Besteigung,10.437254141604585,795.1499999999999,1843.8,3.0153000000000016,1,0,3.1805555555555554,red
Questo Pizzo del Sole non s'ha da fare,12.825014025198314,1383.707000000001,2735.0,-2.7775,1,1,4.801944444444445,red
Corno Stella 2620m (mancato) e dintorni ,8.810846017690183,921.1419999999998,2566.57,-1.6827049999999986,1,1,3.0280555555555555,red
Rosso di Ribia cima SW (m.2547),16.653445422545445,1528.746,2542.51,-1.5263150000000003,1,1,5.710833333333333,red
Krinnenspitze und Litnisschrofen,9.441418884121612,772.4430000000004,2051.81,1.6632350000000002,1,1,2.3088888888888888,red
Schenadui - a modo nostro,16.9279913833631,865.366000000002,2738.26,-2.7986900000000006,1,1,5.673333333333333,red
Ruessifluegrat und Esel Ostwand,13.274841332622163,1130.8199218749996,2114.39990234375,1.256400634765626,1,1,4.142222222222222,red
Scheffauer (2111m) per Leuchsweg durch die Nordwand,10.323248025138428,832.0599853515623,1285.40002441406,6.644899841308611,1,1,1.5755555555555556,red
"Dürrmiesing Überschreitung O-W, Latschenkampf vom Feinsten",15.26105648349117,1092.008,1876.63,2.8019049999999996,1,0,3.36,red
Hexenschwarzfulengrätlisteig,24.818410362748445,2484.277000000001,2518.34,-1.369209999999999,1,1,8.509722222222223,red
"Höchhand, Tössstock & andere ...",17.64884940662319,1229.7780000000002,1299.36,6.554160000000001,1,0,5.391944444444444,red
Plattenberg (3041 m) e Vernokhörner (3043 m) : missione libri di vetta,16.07842969722859,1837.019921875002,3090.0,-5.085000000000001,1,1,6.588333333333333,red
Rothorn(3108m) Simplon Dorf,10.307410754112109,1268.818,3100.41,-5.152664999999999,1,1,4.177777777777778,red
"Tunetsch, Tunetschhorn, Grosse Huwetz, Füllhorn, Volluhorn, z Garten",28.825231242382404,2925.079742431641,2875.39990234375,-3.6900993652343743,1,1,6.116944444444444,red
"Black Butte and 4th of July Peak: ""hike and fish""",11.11307444811784,424.09999999999945,2887.0,-3.7654999999999994,1,1,1.1152777777777778,red
Pizzo Redorta da Fiumenero,19.004039635419,2234.5969482421906,3035.39990234375,-4.7300993652343735,1,1,7.247222222222222,red
A volte ritornano - Giro alto attorno ai laghi di Chièra,9.839039742620905,1032.8392486624723,2750.0,-2.875,1,1,4.014722222222222,red
"Wart, Schären, Nägeliberg, Vorder- und Mittler Leistchamm",10.914113010298996,825.6260000000004,2187.21,0.7831349999999997,1,1,2.8241666666666667,red
Dammahütte - Chelenalphütte - Bergseehütte,10.569793716995797,1181.8999999999994,2441.71,-0.8711149999999996,1,1,5.164722222222222,red
Cima del Tiglio e Cima Lampone,11.675353244647821,1545.096,2580.8,-1.7752000000000017,1,1,4.461388888888889,red
"Jezerca auf Schnee, 2694m",14.728548978204616,1610.0435,2690.092,-2.4855979999999995,1,1,6.271111111111111,red
Salita al Tiralocchio & altro al Generoso,12.043866216621003,1292.536,1687.73,4.029755,1,0,4.536111111111111,red
Roc de la Tsa (2911 m),15.336966307781337,1264.5199462890628,2897.199951171875,-3.831799682617188,1,1,4.886111111111111,red
Fruttstägä via ferrata + Chaiserstock,10.175174881829278,955.8440666728972,2517.0,-1.3604999999999983,1,1,3.578611111111111,red
Sassalb,7.325962731077458,834.2360000000003,2838.43,-3.449794999999998,1,1,2.944722222222222,red
Dreizehntenhorn (3052m) - Schwarzhorn (3201m) - Augstbordhorn (2973m),23.61144724676598,1978.3269164000003,3197.379883,-5.782969239499998,1,1,7.033333333333333,red
Schafbergturm und Fählenschafberg via Löchlibetter und Borsthalden,17.7559673157032,1351.8629999999996,2364.96,-0.3722399999999997,1,1,5.736111111111111,red
Monte Aga 2720 m,20.00184526925944,1573.8660000000002,2721.15,-2.687474999999999,1,1,5.937222222222222,red
Pizzo Ricuca - 2279 m,13.405245433327632,1528.0432847994412,2285.0,0.14750000000000085,1,1,4.865277777777778,red
Quasi Cengalo,8.747125210758941,2159.1,3332.57,-6.661705000000001,1,1,3.4744444444444444,red
 M. Grignone da Somana,18.904948663743657,2104.6799682617207,2409.89990234375,-0.6643493652343739,1,1,6.187777777777778,red
Schwarzchopf und Unghüür,13.677868076369764,974.179,1943.63,2.3664050000000003,1,1,3.616111111111111,red
„Trial and error” auf den Follaplatten (Gonzen 1830 m),15.252518798803774,1427.2690673400004,1829.526123,3.1080802005,1,1,4.825,red
Zuestoll (2235m),11.524768448372091,857.5,2230.0,0.5050000000000008,1,1,3.7472222222222222,red
"Rubihorn, Gaisalphorn und Geißfuß - Eine schöne Gratrunde oberhalb des Geisalptals",18.86645825388102,2011.1999999999996,2037.0,1.759500000000001,1,1,5.099166666666667,red
Tour über dem Nebelmeer: Drei Schwestern,18.21251482330091,818.0999999999988,2115.0,1.2525000000000013,1,1,4.769722222222223,red
Klein Melchtal Ost,22.72502453019253,1586.6970000000008,2138.5,1.0997500000000002,1,1,6.0969444444444445,red
Tierberg via Nordflanke und Bockmattli,14.988565597510062,1152.9060000000002,1988.69,2.0735150000000004,1,1,4.2508333333333335,red
Monte Emilius m.3559......un sogno realizzato!,4.937632325735927,780.9400000000007,2610.08,-1.965519999999998,1,1,2.0819444444444444,red
Wiggis-Rautispitz,12.715478390254331,1598.3999999999996,2335.0,-0.17749999999999844,1,1,5.604444444444445,red
Cancervo Venturosa Baciamorti,8.894888150929079,1013.0299560546916,1998.59997558594,2.009100158691391,1,0,3.686111111111111,red
Uri Rotstock 2928m,12.348719596579034,1438.3719999999998,2926.39,-4.0215349999999965,1,1,5.731111111111111,red
Cima Vallocci,4.549029610528208,1007.4600000000004,2482.26,-1.134689999999999,1,1,2.1566666666666667,red
Fridlispitz-Brüggler (wasting time in dwarf pine),16.530269097562005,1630.9499999999994,1716.5,3.8427500000000006,1,1,5.0680555555555555,red
Traversata Scaiee - Poncione Alnasca (e qualche cima in mezzo),21.297209704748383,2230.1180000000013,2524.08,-1.4065200000000004,1,1,9.560555555555556,red
Greinarundtour und Zustieg zum Piz Coroi,35.69056617149024,1544.1379999999997,2368.83,-0.3973949999999995,1,1,9.9425,red
Punta Giordani,4.562088002963567,768.5,4050.0,-11.325,1,1,1.956388888888889,red
Engelhörner für Einsteiger (Klein und Gross Simelistock),2.8646956026369486,565.44746091,2465.4384766,-1.0253500978999988,1,1,0.6863888888888889,red
Presanella 3558 m - Via Monte Nero,14.90384716863291,1561.0113437500008,3556.53,-8.117445,1,1,5.1675,red
 Hohgant - Furggengütsch (2197 m),16.299299270851314,1316.3260000000002,2199.63,0.7024050000000006,1,1,5.566944444444444,red
Nel selvaggio mondo dell'Adamello. Direttissima Monte Bruffione.,12.66942897510403,1210.713,2659.23,-2.2849949999999986,1,1,5.223055555555556,red
Marwees und Hundstein,16.219792043621734,1451.9340000000002,2143.76,1.0655599999999996,1,1,5.717777777777778,red
Älpeltispitz north ridge,10.755318206289235,1319.9398902147432,2634.0,-2.1209999999999987,1,1,4.15,red
Projekt Pass del Gatt (Ruscada),7.931792220998741,672.5739999999997,1325.78,6.382430000000001,1,1,3.245277777777778,red
Statt Galenstock rund ums Gross Bielenhorn,5.990652166467424,768.9102050700003,3274.3876953,-6.283520019449998,1,1,2.0683333333333334,red
Monte Masuccio 2816mt - Secondo giorno al Rifugio Schiazzera,7.7732163628367985,717.009,2811.4,-3.2741000000000007,1,1,2.8608333333333333,red
Schwarzhorn m 3202,13.342991105901119,1292.359985351562,3157.0,-5.520499999999998,1,1,4.196666666666666,red
Elektronisches Chaos am Hochgern,13.716091766380728,1074.7580000000005,1737.72,3.70482,1,1,4.183333333333334,red
Teufelstättkopf (1758 m) - Ammergauer Filetspitzen,12.529162603005588,990.6000000000004,1726.0,3.7810000000000006,1,0,1.2483333333333333,red
"""Yelling at Christmas Tree"" prima assoluta Ivan Tarabini",4.534002372672854,769.1279999999997,2144.95,1.0578250000000011,1,1,1.5555555555555556,red
Vrenelisgärtli 2904m via Schwösteren und Furggle - Guppengrat getunt,18.751682751219725,1808.2398438,2898.512207,-3.840329345499999,1,1,5.83,red
Rigi Hochflue,8.326216192077366,551.0760498046875,1671.869873046875,4.132845825195313,1,1,2.8980555555555556,red
Rote Wand (2704m) - Bike&Hike mit Schwierigkeiten,42.26071180006179,2286.422200000001,2627.677,-2.079900500000001,1,1,6.937222222222222,red
La cresta tra Rosenza e Olocchia - Valle Anzasca,11.81511232994354,1451.6869999999994,2205.4,0.6648999999999994,1,1,3.9575,red
"Punta Boiretto, Punta Lazin, Monte Arzola, ...",20.94802418407127,1856.622,2806.31,-3.2410149999999973,1,1,7.161944444444444,red
Pizzo Arera (2512 m) cresta est,8.532982541108828,953.4799999999998,2519.13,-1.3743450000000017,1,1,3.5997222222222223,red
Tre cime da +3000 m in meno di 7h - Pizzo del Corvo (3015 m)-Pizzo Scopi (3190 m)-Piz Miez (3119 m),12.11094651715838,1258.4136230468744,3151.05908203125,-5.481884033203123,1,1,3.8758333333333335,red
Wageten 1755m - Riesetengrat 1735m - Fridlispitz 1624m,13.713156071529188,1465.0011223,1756.466064,3.582970584,1,1,4.508333333333334,red
Pizzo Poris canale NO,24.630872532773164,1661.416931152345,2712.30004882812,-2.6299503173827787,1,1,7.011111111111111,red
Azad Kuh,41.06431082355535,2303.1059999999966,4374.62,-13.435029999999998,1,1,10.05335,red
Hochkalter (2607) via Blaueisumrahmung - Ein (wenn nicht der) Klassiker im BGL,19.7351429180958,1934.3601928710923,2603.39990234375,-1.9220993652343736,1,1,6.148611111111111,red
 Gerna Masoni Venina Cigola,19.04303180560736,1720.6241210937542,2661.55004882812,-2.3000753173827775,1,1,6.405833333333334,red
Lütispitz 1987m / Stöllen 1967m / Schwarzchopf 1949m,13.118136558619183,1109.149,1987.77,2.0794950000000014,1,1,4.205,red
Mythen - Kletter Überquerung ,3.844104137345251,108.9199096679688,1863.199951171875,2.8892003173828122,1,1,1.4355555555555555,red
Arnplattenspitze (2170 m) - Rundtour aus der Leutasch,8.470512916401294,962.1,2066.0,1.5709999999999997,1,1,0.8136111111111111,red
Val Pincascia,19.87369642892644,1932.1,2355.0,-0.3074999999999992,1,1,7.4725,red
Kreuzberge mit Biwak,11.155499591585283,1673.4998291015631,2112.0,1.2720000000000002,1,1,3.9902777777777776,red
Sichelchamm via Chnorren,16.00252232942712,995.5730000000004,2260.62,0.3059700000000021,1,1,5.019166666666667,red
Gamsgrat-Ochsenkopf-Ruchberg-Bettlerjöchle ab Malbun (Liechtenstein),11.459189320228194,927.8493530273432,2277.6005859375,0.19559619140625095,1,1,3.8294444444444444,red
Hängeten,15.023711399205537,900.2106995200002,2156.0,0.9860000000000007,1,1,3.52,red
Kienbergkamm ,10.264039361826688,773.5129999999999,1529.89,5.055714999999999,1,1,2.5719444444444446,red
Mont Nery (o Becca Frudiera),17.564839725707746,2227.106,3069.25,-4.950125,1,1,6.3244444444444445,red
Cima di Ghez (2715 m) - steil hinauf zur keltischen Ziegenspitze,14.300868054939569,1635.968,2705.33,-2.5846449999999983,1,1,5.786666666666667,red
Piz Zamuor (2734 m),20.57822385337385,1215.6598999023429,2720.800048828125,-2.6852003173828116,1,1,6.668888888888889,red
"Grosser Mythen 1898m ""Winter-light""",11.697945030004664,710.4550000000002,1908.35,2.5957250000000016,1,0,3.718888888888889,red
Sechszinkenspitze und Kemptner Köpfl,14.22965507701302,1245.903000000001,2205.98,0.66113,1,1,3.7730555555555556,red
Rund um den Oeschinensee,12.373532701725052,925.31,1925.24,2.485940000000001,1,0,3.7219444444444445,red
Petite traversée des Grigne J1 : Lecco - Rifugio Porta par le Monte Coltignone,8.500794952545649,1414.879949951172,1495.199951171875,5.2812003173828135,1,0,3.4544444444444444,red
Super Clariden 3268m,12.178376620180085,1317.3919999999998,3265.26,-6.22419,1,1,4.873888888888889,red
"Schär-Südgipfel, Vorder- und Mittler Goggeien",13.256562667384847,790.5509999999997,1656.01,4.235935000000001,1,1,3.4283333333333332,red
Vordere Goinger Halt,10.42392325179784,1110.4599999999994,2151.9,1.0126500000000007,1,1,3.901666666666667,red
"Piramide Vincent, 4215 m.",4.49332630360933,552.1610000000005,4210.37,-12.367404999999998,1,1,1.686388888888889,red
Rinderhorn 3448m,22.54230953021915,2335.7600000000016,3447.86,-7.4110900000000015,1,1,7.128055555555555,red
Laglerspitz (2148 m) - rustikale Erlebnisse in den Niederen Tauern,5.952656452981613,908.2999999999996,2133.0,1.1355000000000004,1,1,0.5694444444444444,red
Jennwand (2962m) - der Marmorberg,15.282794741915032,1506.6740000000002,2910.53,-3.918445000000002,1,1,5.696944444444444,red
Grigna Meridionale (m 2177) per il Canalone Porta.,5.4568519531388375,834.6679999999997,2183.29,0.8086150000000014,1,1,1.896111111111111,red
Klettern bei der Sulzfluh,7.010058257895307,770.3600341796878,2209.39990234375,0.6389006347656263,1,1,2.442222222222222,red
Torent Basso 2820m,9.04228594359272,844.5189999999996,2818.24,-3.318559999999998,1,1,3.2905555555555557,red
"Piz d'Agnel (3204 m), Tschima da Flix (3316 m) and Piz Picuogl (3333m)",16.48145605671105,1557.2999999999995,3379.0,-6.9635,1,1,6.7058333333333335,red
Wändlispitz via Gross Sienen und Gross Aubrig Nordwand,19.538638974444982,2133.485,2101.97,1.3371950000000012,1,1,5.872222222222222,red
Parete Nord Gran Paradiso (4061 m) da Pravieux-Valsavarenche,17.652240341854846,2256.291000000001,4058.54,-11.380509999999997,1,1,6.7075,red
Südostwandplatte und Mattstogg ,2.412705724484644,546.5400268554688,1858.4000244140625,2.920399841308594,1,1,1.0352777777777777,red
Monte Cardinello per il canale S\E (2520),16.077736686393006,1756.1270000000004,2512.06,-1.3283899999999988,1,1,6.163055555555555,red
Wageten 1755m - Brüggler 1777m,6.909342670948696,639.6999999999998,1755.0,3.592500000000001,1,0,1.9580555555555557,red
Rund um die Leutschachhütte über den Wichelpass,7.0283511382085395,987.0390000000002,2219.82,0.5711700000000004,1,1,3.330277777777778,red
Cima Careser 3189 m,23.063457648180243,1926.288,3186.91,-5.714914999999998,1,1,8.024722222222222,red
Große Windschar (3041m),14.10578042406931,1373.6,3005.0,-4.532499999999999,1,1,4.618055555555555,red
Haggenspitz,5.737935945453796,654.6550000000002,1761.27,3.5517450000000004,1,1,1.7883333333333333,red
Gauschla via Chammegg und Abgelöste,13.156674627165044,1357.4860000000008,2302.91,0.031085000000000917,1,1,4.2122222222222225,red
5-Gipfeltour im Estergebirge,17.193702622470173,1736.8109999999997,2058.44,1.620140000000001,1,1,7.349722222222222,red
Sibe Hängste,13.400488113813886,907.7559358994564,1940.0,2.3900000000000006,1,0,4.448611111111111,red
Piz Valpiglia über Spi da la Muranza,8.673328156424727,872.460000000001,2798.8,-3.1921999999999997,1,1,3.616388888888889,red
Zahnzwischenräume,8.84845718300851,821.2559999999999,1611.79,4.523365,1,1,2.8125,red
TRE CONFINI E SASNA,17.88842231796879,1785.7,2782.19,-3.0842349999999996,1,1,6.0008333333333335,red
Pizzo Badile,20.350288754546483,1516.90004882812,3307.80004882812,-6.50070031738278,1,1,1.3533333333333333,red
"Tschugga (1881m) via Vorder-, Hinterspina und Leitere-Weg",17.74175024700554,1447.7,1866.0,2.8710000000000004,1,0,6.0775,red
"Sasso Camoscè, Monte Duria, Motto Rotondo",17.11883486916308,1817.73,2263.22,0.2890700000000024,1,1,6.103611111111111,red
Tales of the wild western flank of Mount Generoso,11.23741925127297,952.612,1091.23,7.907005,1,0,3.6352777777777776,red
Cima di Corte Lorenzo (1574 m),10.849281953809893,906.5599,1438.198,5.651712999999999,1,0,3.8608333333333333,red
Unter Tatelishorn (2497 m)+ Ober Tatelishorn (2962 m),13.4045176290121,1163.8240000000003,2957.63,-4.224595000000001,1,1,5.0680555555555555,red
Pizzo del Vento,11.496705129324942,824.0920000000001,2228.47,0.5149450000000027,1,1,4.091666666666667,red
A visit to Martinsloch from Elm,12.555824507988087,1933.3,2690.0,-2.4849999999999994,1,1,5.141944444444444,red
Dejenstock via Südflanke,13.244402902918289,1560.415,2051.91,1.6625850000000018,1,1,4.926666666666667,red
Piz Julier,9.15384559190651,1221.6419999999998,3382.06,-6.98339,1,1,4.088333333333333,red
"Monte Resegone (Gamma 1, Centenario, Silvano De Franco, Sentiero delle Creste, Cresta Giumenta)",6.678263714098536,1574.82806856758,1920.84300032,2.5145204979199995,1,1,1.8258333333333334,red
Gran Zebrù dal canale delle Pale rosse,12.193796437676136,1123.0999999999997,3855.0,-10.057499999999997,1,1,3.856388888888889,red
Vagando per boschi......,24.69983269008403,1475.2800000000009,1197.46,7.21651,1,0,7.993333333333333,red
Spritztour aufs Schafjöchl,2.377022584654947,218.97700000000032,2205.51,0.6641849999999998,1,1,0.5138888888888888,red
Sigriswilgrat - Über die Schörizflue zum Burst,9.503728008364135,903.8501999999994,1967.254,2.212849000000002,1,0,3.506666666666667,red
"Geisstein, Traumtour auf die Kitzbühler Aussichtskanzel",17.094884247746787,1501.58,2365.46,-0.3754899999999992,1,1,5.993611111111111,red
Pania della Croce (Alpi Apuane),12.34324507465663,1472.284,1857.2,2.9282000000000004,0,0,5.219166666666666,yellow
Binn-Leuk (3/9): Magelicke - Wyssgrat - Gspon,17.94977321458097,1118.1435556000006,2873.989502,-3.6809317630000002,1,1,7.333611111111111,yellow
Der letzte Berg im AVF: Spitziger Brand,15.262371716415961,1040.0079999999998,1814.15,3.2080249999999992,0,0,4.595555555555555,yellow
Ein Spätsommertag auf dem Weg zur Weisshornhütte,15.352409911063493,1561.964,3006.38,-4.54147,1,1,6.696666666666666,yellow
"Dent d'Arclusaz, 2041m",13.514427987940193,1120.2,2029.0,1.8115000000000006,0,1,3.863611111111111,yellow
Grosse Runde durch den Talkessel von Chaudun,20.386750894374995,995.9803999999996,2159.451,0.9635685000000009,0,1,6.658888888888889,yellow
"Un pò si va di qua, un pò si va di la... ma alla fine Punta Cunicolo e Corna Trentapassi!",12.958621916740451,1156.7910000000004,1231.23,6.997005,0,0,4.198888888888889,yellow
Normandie-Trail II: Bei Ebbe auf die Île de Tatihou,7.322198899265859,84.30000000000004,60.0,14.61,0,0,1.708888888888889,yellow
Elbrus Nordroute,44.528207248322,3199.936010000003,2791.0,-3.1415000000000006,1,1,7.323888888888889,yellow
"SENZA UNA META PRECISA.....alla fine Sangiatto, Poiala,ecc.  ",11.630274640030892,408.1750000000002,2410.71,-0.6696150000000003,0,1,3.9827777777777778,yellow
Oberrothorn (3414 m),9.74646859906123,742.0000000000005,3383.0,-6.9895,1,1,3.5258333333333334,yellow
Peitlerkofel (Sass de Putia) 2875 mt..... A Franco.,11.347501115239508,972.233,2874.97,-3.6873049999999985,1,1,3.9758333333333336,yellow
"FUMADIGA (finalmente una ""vetta""....)",6.5112620747857575,950.176,2004.84,1.9685400000000008,0,1,3.2952777777777778,yellow
"Rifugio Buzzoni, Alpe Mota",12.132373371721002,1032.5045225000008,1570.947998,4.7888380129999994,0,0,3.681388888888889,yellow
"Su e giù per la Lessinia, cercando la ""Primaneve"".",14.133611350545024,538.5429999999999,1763.41,3.5378349999999994,0,0,4.017222222222222,yellow
Piz Spadolazzo (2722 m),12.116771691861729,832.6597778320308,2695.199951171875,-2.5187996826171855,1,1,4.850555555555555,yellow
"Marguareis, Mongioie & dintorni",44.528207248322,3199.936010000003,2649.82,-2.2238299999999995,1,1,10.05335,yellow
Parpaner Rothorn,14.152546829944281,1385.9,2947.0,-4.1555,1,1,4.623055555555555,yellow
Pic de Gleize (2161m),2.66914081751304,467.43000000000006,2159.77,0.9614950000000011,0,1,1.1258333333333332,yellow
Rund um den Mirador Lago Toro,11.56470299435888,489.0,438.0,12.153,0,0,3.885,yellow
"""Trentapassi"" vi sembran pochi? Fateli in verticale...",6.283629770738137,1045.575,1234.78,6.973930000000001,0,0,2.1766666666666667,yellow
Via dei Tubi al parco di Portofino,9.993482825338571,423.40000000000015,468.0,11.958,0,0,3.3794444444444443,yellow
Creux du Van im Winter,12.325599302748424,743.0000000000002,1458.0,5.523,0,0,3.4880555555555555,yellow
"5 Terre anello Monterosso, Santuario della Madonna di Soviore, P.ta Mesco, Monterosso",11.753005291646287,628.027,479.35,11.884225,0,0,4.140555555555555,yellow
Pizzo Mellasc Pizzo Cassera-Anello in Val Gerola,14.084462862721624,1856.9780000000007,2468.71,-1.0466149999999992,0,1,4.426111111111111,yellow
Monte Coltignone,9.31163131397551,1294.5579999999998,1481.8,5.368300000000001,0,0,2.966111111111111,yellow
FERRATA SAN SALVATORE in ottima compagnia...,5.00609037723288,471.29000000000025,919.64,9.02234,0,0,1.875,yellow
Hasenmatt - auf einsamen Wegen,6.788821421606765,24.518349999999877,1453.49,5.552315,0,0,1.9830555555555556,yellow
Ferrata San Salvatore,5.803648376850302,624.541,916.37,9.043595,0,0,1.6058333333333332,yellow
Capanna Kesch m. 2632 - Bike,44.528207248322,2093.61,2638.96,-2.1532400000000003,1,1,8.315277777777778,yellow
Monte Spluga  ( Cima Desenigo ) Mt. 2845 ,14.116798967973013,1773.3859999999995,2844.59,-3.4898349999999994,1,1,6.216666666666667,yellow
Drei auf einen Streich: Veitsberg - Frechjoch - Thalerjoch,11.878765573380345,869.0600000000001,1756.1,3.585350000000002,0,0,4.3675,yellow
Monte Boglia da Gandria,15.929448566693948,1212.6519999999996,1523.28,5.09868,0,0,3.9555555555555557,yellow
Hochhäderich,6.642231152489255,373.90473626,1552.6665039,4.9076677246500005,0,0,2.156388888888889,yellow
Anello fra Monte Nudo (m 1235) e i Pizzoni di Laveno (m 1018),10.272530165932034,581.7400000000001,1236.39,6.963464999999999,0,0,3.645277777777778,yellow
Auf das winterliche Platthorn (3345m),3.8401295216836338,717.0,2335.0,-0.17749999999999844,0,1,1.448611111111111,yellow
"Galinakopf, 2198m von Malbun",16.230372681654845,911.5190000000008,2187.14,0.783590000000002,0,1,4.849444444444444,yellow
Ferrata Madonnina del Coren + anello Castello Regina,6.975623096092063,654.1039999999994,1409.08,5.84098,0,0,2.25,yellow
Wenig Safranblüten und viel Farbe im Aletschgebiet,13.422341823676716,790.2980000000005,2166.19,0.9197649999999999,0,1,5.021944444444444,yellow
Alvier im Föhnsturm,12.289116069399235,1146.701,2348.64,-0.2661599999999993,0,1,4.4527777777777775,yellow
Il vecchio sentiero fra San Cassiano e Prata Camportaccio,13.795205159128157,870.805,772.56,9.97836,0,0,4.676944444444445,yellow
Rotenbachschrofen (1231m) via Schlur und Klausberg-Vorderstück,9.902431607258945,643.0000000000001,1236.0,6.966000000000001,0,0,3.0052777777777777,yellow
Val Maira: Chersogno 3026 m - Rocca Marchisia 3072 m e Pelvo d'Elva 3064 m,7.5913332628215064,948.2970000000004,2624.54,-2.0595099999999995,1,1,2.658611111111111,yellow
3 day tour sottoceneri,44.528207248322,543.7929999999999,334.2,12.8277,0,0,4.472777777777778,yellow
Waldstätterweg: Luzern - Alpnachstad,21.1818714775474,827.6089999999999,895.61,9.178535,0,0,6.313888888888889,yellow
Alpe Lagazzuolo,5.720252393794001,299.20299999999975,1999.68,2.0020799999999994,0,0,2.306111111111111,yellow
Pizzo di Claro (fast),11.750728086766252,1328.7200683593749,2627.800048828125,-2.08070031738281,1,1,4.511388888888889,yellow
Bike & Climb in Finale,2.377022584654947,24.518349999999877,255.3999938964844,13.339900039672852,0,0,0.5347222222222222,yellow
Schnebelhorn,9.159477567675687,408.4360000000004,1301.09,6.542915000000001,0,0,3.578611111111111,yellow
Sonnige Runde über den Lägernkamm,16.95483579076596,508.56470000000047,867.801,9.3592935,0,0,4.4238888888888885,yellow
San Bernardo e il Mulino dei Galli,13.049320364203615,778.1890000000001,1055.67,8.138145,0,0,4.321111111111111,yellow
" Promontorio del Tigullio: Traversata Recco - Zoagli, passando per il Manico del Lume",21.402349928025295,1175.5660000000005,795.6,9.8286,0,0,7.1113888888888885,yellow
Mt. Begu - Maja e Begut (2493m),12.429409404509796,1190.3,2508.0,-1.3019999999999996,0,1,5.421388888888889,yellow
Die Hörnle an Dreikönig,16.690133909499412,914.9399999999996,1534.88,5.02328,0,0,5.225,yellow
Cima Parè  (1642 m) e Cima Blum (1297 m) da Rovetta,13.186935019081497,1113.2363922069155,1694.1637940749577,3.9879353385127754,0,0,4.170555555555556,yellow
Durchquerung der Grosina-Alpen 4. Etappe,21.157023081324958,1500.9520000000002,2596.18,-1.8751699999999971,0,1,7.395277777777777,yellow
Al San Martino sulla Linea Cadorna,5.701787343079903,826.0400000000003,1093.9,7.88965,0,0,1.9188888888888889,yellow
"Süd-Nord-Durchquerung der Bergamasker Alpen, 5. Tag",10.438050104590602,876.4000000000005,2510.0,-1.3149999999999977,0,1,0.47685,yellow
Eine goldene Wanderung zum Aussichtspunkt Chapütschöl,7.232943791366731,212.1588000000006,2187.719,0.7798265000000004,0,1,2.653888888888889,yellow
Creux du Van,12.724664689547932,768.3000000000003,1460.0,5.51,0,0,1.2719444444444445,yellow
Monte Galero (1708 m) dal Colle San Bernardo,14.238925846505095,809.8608426597266,1765.488237686558,3.5243264550373734,0,0,4.3886111111111115,yellow
Hike to Seehorn & Hüreli (Davos),11.803756209806092,1006.4000000000004,2511.0,-1.3215000000000003,0,1,4.772777777777778,yellow
Rappenlochschlucht und Karren,11.841386412937656,615.2437867200003,983.565918,8.606821533000002,0,0,3.4719444444444445,yellow
Gran Canaria: Wanderung im Tal von Agaete zum Meer,19.15797220830114,1016.8299999999996,1303.0,6.5305,0,0,5.794722222222222,yellow
Sass Negher,2.377022584654947,52.68500000000006,364.48,12.63088,0,0,0.47685,yellow
Cima di Camutsch 2904m (Premiere),13.462817722436116,1141.7726671371397,2803.0,-3.2195,1,1,6.088333333333333,yellow
Piz Blaisun,14.308225093042493,1010.5929999999994,3201.81,-5.811764999999998,1,1,5.104166666666667,yellow
"Pizzo Ruggia, Val Vigezzo",12.89412655260145,1189.0525386000004,2283.75,0.15562500000000057,0,1,5.404444444444445,yellow
20:56 Uhr - Sonnenuntergang auf der Alp Sigel,7.619857128207358,755.885,1663.22,4.189070000000001,0,0,2.203888888888889,yellow
Moghegno (317 m) – Cortone (1140 m) – Piano (1280 m),12.706273017310444,989.114046875,1285.9,6.64165,0,0,4.644722222222223,yellow
Sagzahn (2228 m) - über das Vordere Sonnwendjoch,9.591609490646581,1402.7,2205.0,0.6675000000000004,0,1,0.9308333333333333,yellow
"Der Groß-Vraca - Vraca e Madhe, 2582m",20.489374799713964,1273.0656,2592.424,-1.8507560000000005,0,1,7.171388888888889,yellow
Von Wattwil zum Bachtel,33.611685440238176,1492.0299999999995,1284.4,6.651400000000001,0,0,6.087777777777778,yellow
Le Vuache (1105m),7.6520354063286025,504.91700000000014,1107.44,7.80164,0,0,2.0566666666666666,yellow
Vom Fellital über die Pörtlilücke nach Bristen,16.50983487112638,1053.582,2499.3,-1.2454500000000017,0,1,6.085833333333333,yellow
Monte Torretta(2538m) e Gran Lago-Parco Monte Avic,15.155580533603132,1241.4839999999997,2532.1,-1.4586499999999987,0,1,5.675833333333333,yellow
Sardonahütte SAC bis Vättis,15.995296049741496,45.01600000000053,2158.33,0.9708550000000002,0,1,4.503888888888889,yellow
Anello Laghi Unghiasse e Fertà per il Colle della Terra Fertà e della Crocetta-Valli di Lanzo,15.662946110035676,1357.195,2717.21,-2.661864999999999,1,1,6.4191666666666665,yellow
Croce di Muggio da Dervio,19.506254233716643,1714.9698852539132,1792.5,3.348750000000001,0,0,7.2491666666666665,yellow
Monte Boletto,17.463356865247313,954.969,1230.14,7.00409,0,0,4.913611111111111,yellow
Une étape du Tour du Mont Blanc,14.59085719860294,442.2979999999998,1611.36,4.526160000000001,0,0,4.2875,yellow
Monte Cornet 1939 m - Monte Birrone 2131 m e Monte Roccerè 1831 m,17.394956932399854,1053.222,2134.74,1.1241900000000022,0,1,5.38,yellow
"Monte San Giorgio, Poncione d'Arzo, Monte Orsa",21.449126613275503,1075.280999999999,1097.0,7.8695,0,0,4.894444444444445,yellow
"E' passato solo un mese... Punta Cunicolo, da Marone!",8.76804910373058,825.2989999999999,1029.31,8.309485,0,0,3.3255555555555554,yellow
Matera: Eine der ältesten Städte der Welt,2.377022584654947,40.10000000000002,448.0,12.088000000000001,0,0,0.47685,yellow
Polluce (4091m) e Castore (4228m) da St. Jacques - Val d'Ayas,23.58596792467897,2782.2790000000014,4218.17,-12.418105,1,1,8.278055555555556,yellow
"Krinnenspitze, 2000m von Rauth über den Enziansteig",7.110376907424944,843.5019999999997,2007.85,1.9489750000000008,0,1,3.2591666666666668,yellow
Hinteri Egg,4.943362832152339,225.7150000000004,1181.53,7.320055000000001,0,0,1.6716666666666666,yellow
Passage du Grand Neyron 3252 m,22.50761551956339,1608.184999999999,3239.3,-6.05545,1,1,7.124444444444444,yellow
Pointe de la Limace (1836 m),7.029226475798926,979.2399999999994,1818.4,3.1804000000000006,0,0,2.488611111111111,yellow
Cima di Piazzo (2057m) e Sodadura (2010m) - Invernale,11.271861630782094,557.0379887827995,2055.0,1.6425,0,1,4.0075,yellow
Ludwigsburger Hütte (1935 m) - DAV,7.950114698637815,633.2700000000002,1937.19,2.408265,0,0,2.451111111111111,yellow
"Ifonche,  Ausgangspunkt dieser  Wanderung",10.279805623302204,279.35799999999983,1137.86,7.603910000000001,0,0,3.61,yellow
Aufwärmtour zum Piz Campasc (2599 m),5.94946095675701,318.81799999999976,2594.25,-1.8626249999999978,0,1,2.3455555555555554,yellow
Über den Höhronen zum Morgartenberg,18.42915809436739,759.5789000000001,1246.307,6.8990045,0,0,6.1177777777777775,yellow
"Credevo fosse un ""Sassello"" invece è un Dosso!",12.675179844759109,826.3709999999996,1119.55,7.722925000000001,0,0,4.124722222222222,yellow
Piz Grevasalvas da Casaccia,26.08557581719304,1738.592999999999,2930.72,-4.049679999999999,1,1,8.397222222222222,yellow
MTB-Tour Großer Wald Teil 1,21.10037603919888,592.8439999999995,1276.78,6.700930000000001,0,0,2.446388888888889,yellow
Gran Tour du Mont Blanc,44.528207248322,3199.936010000003,2669.237793,-2.350045654499997,1,1,10.05335,yellow
"Bellavista-Generoso, ferroviaria integrale",7.699833157693396,540.6599853515627,1696.800048828125,3.970799682617187,0,0,2.96,yellow
A spasso per Cala Gonone (Monte Tului 900 m.),15.76231904988467,857.657,904.44,9.12114,0,0,2.0661111111111112,yellow
Jothuneimen - giorno 1,6.259434821938628,1389.677,2468.32,-1.044080000000001,0,1,3.673611111111111,yellow
L'Aiguillette des Houches,9.923571526590857,927.6719999999996,2248.67,0.38364499999999957,0,1,3.9547222222222222,yellow
Monte Gradiccioli,19.50112799874206,1179.788,1936.94,2.4098900000000008,0,0,5.6625,yellow
Kurze Wanderung zur Mönchsjochhütte,4.215390367393126,203.6000000000008,3652.0,-8.738,1,1,1.3880555555555556,yellow
Rifugio S.Maria in Leten,19.79984817798256,1489.3970000000002,1768.18,3.506830000000001,0,0,5.704444444444444,yellow
Pizzo Garzeto 2088 m,21.48949096475782,1710.3659999999995,2068.89,1.5522150000000021,0,1,7.621388888888889,yellow
Kamor (1751m) von Oberriet via Rüthi,31.469439259407288,1324.0,1748.0,3.638,0,0,3.193611111111111,yellow
Punta dei Camosci 3044 m,18.12497314013942,1355.3189999999995,3047.52,-4.8088799999999985,1,1,6.2025,yellow
Val Vicima,18.34822080270461,1497.2849999999994,2231.17,0.4973950000000009,0,1,6.486111111111111,yellow
Quel Menna della ........MAGA!,10.762508063253316,1293.527,2294.0,0.08900000000000041,0,1,4.620277777777778,yellow
Motto di Leven 2023mt - anello,13.822856649793467,1088.9390000000003,2012.68,1.917580000000001,0,1,5.698333333333333,yellow
Val Grosina occ.,28.949194862267476,570.8830000000003,1986.22,2.08957,0,0,2.495833333333333,yellow
"Seekofel (2810m), Gametzalpenkopf (2594m), Roßkopf (2559m) - Gipfelsammeln im Sennesgebiet",27.420768239556843,2054.364,2805.5,-3.2357499999999995,1,1,9.815277777777778,yellow
Binn-Brunnebiel: zu Fuss Alpin,14.865352302947482,596.8776479999999,1971.81216,2.1832209600000017,0,0,4.741388888888889,yellow
"Ince Burun, das ""anatolische Nordkap""",7.650057136972648,183.838,50.89,14.669215,0,0,1.9513888888888888,yellow
Pizzo Erra (2416 m) da Anzonico,21.13095583834937,1173.0721435546868,2396.800048828125,-0.5792003173828117,0,1,5.866388888888889,yellow
24/12/2017. Fuck the Panettone... noi amiamo le Creste del Grione.,13.203511194189755,1033.2560000000008,1377.98,6.04313,0,0,4.5055555555555555,yellow
Corn Alv Hauptgipfel (2992 m) bestiegen und umrundet,9.01902026650662,730.7930000000001,2992.24,-4.449559999999998,1,1,3.6572222222222224,yellow
Sulla Cima Bal qualcuno si sente Reamol?,10.682716547643865,828.732,1347.86,6.238910000000001,0,0,3.948611111111111,yellow
Petit Charnier (2182m); Panorama-Rundtour in der Châine de Belledonne,9.81495004185719,2686.059000000001,2189.85,0.765975000000001,0,1,3.6783333333333332,yellow
Lahnerkopf,11.601233193663566,849.8140000000004,1612.44,4.51914,0,0,2.4366666666666665,yellow
Hasenhorn - Silberberg: von Todtnau zum Feldbergpass,15.782330229703286,955.7110000000004,1366.84,6.115540000000001,0,0,4.562222222222222,yellow
Monte Lema (da Miglieglia),12.5315795735824,931.8930000000004,1618.96,4.4767600000000005,0,0,3.606388888888889,yellow
Marmontana 2316m e Cima di Cugn 2237,13.829226954043653,1333.0569999999998,2313.55,-0.03807500000000097,0,1,4.950833333333334,yellow
LOFOTEN Flakstatinden (484m),3.013543847795658,454.512,480.32,11.87792,0,0,0.6444444444444445,yellow
Kranzbergrunde,15.228070059348363,529.4900000000001,1396.45,5.923075000000001,0,0,3.4775,yellow
Turchia....verso il Kackar!,17.138257916373924,1035.3200000000002,3159.17,-5.534604999999999,1,1,6.581111111111111,yellow
Monte Ubione 896 m e Monte Linzone 1392 m,23.58211260323241,1653.5530000000003,1403.66,5.87621,0,0,6.860555555555556,yellow
"Punta d' Arbola, da Canza",12.050400583186443,1859.8592048,3227.76001,-5.980440065,1,1,4.461944444444445,yellow
Hammerwand und Völseggspitze - Schöne Aussichtsberge am Rand der Rosengartengruppe,15.76604232834844,1321.4663906250005,2163.28,0.9386799999999997,0,1,4.425,yellow
Rundwanderung ab Törbel über Moosalp und Yakpfad,12.200364614867679,703.3999023437502,2089.800048828125,1.416299682617188,0,1,4.931388888888889,yellow
Una Corna dopo l'altra.....arriva anche il momento della Corna Lunga!,10.271240549951905,823.0709999999999,1315.57,6.4487950000000005,0,0,4.213333333333333,yellow
Rotbachlspitze (2.895m) aus dem Pfitscher Tal,4.680359522349754,1121.13,2893.37,-3.806904999999997,1,1,2.2022222222222223,yellow
Un po pecora e un po lupo...Grosser Schafkopf (3001 mt) e Wolfeleskopf (2893 mt).,13.479567980912803,1207.1050000000005,3001.08,-4.507019999999997,1,1,5.511111111111111,yellow
Yerevan Cascade,2.377022584654947,110.58999999999992,1057.6,8.125600000000002,0,0,0.47685,yellow
Tris sui Monti Lariani M. Pasquella M. Costone Cima della Duaria  da Colonno,20.396110513913296,1336.195,1443.49,5.617315,0,0,5.329166666666667,yellow
Wanderung ins Hveradalur im Kerlingarfjöll,11.725690576113077,534.59,1069.12,8.050720000000002,0,0,4.055833333333333,yellow
"Monte Chiappozzo, Monte Zatta, Monte Cian",16.572799367361434,1088.9814278,1403.83,5.875105000000001,0,0,4.926944444444445,yellow
Schwarzenberg von Süden und Schwarzenberg-Überschreitung von Norden,7.839880565567338,477.34699999999975,1209.49,7.138315,0,0,2.0944444444444446,yellow
Aggenstein und Breitenberg,17.299341607475846,1297.21,1986.7,2.086450000000001,0,0,5.7941666666666665,yellow
Franz-Senn-Hütte (2147 m) e forra Höllenrachen,9.083416428289212,453.8779999999995,2195.79,0.7273650000000007,0,1,3.3444444444444446,yellow
Corno Vitello(3057 m) anello con Punta Palasina,18.89722910277373,1278.9949999999997,3061.07,-4.896954999999998,1,1,6.2011111111111115,yellow
"Colmine di Crevola, per la direttissima",14.325597545269304,1378.5650444,1706.960083,3.904759460500001,0,0,5.511666666666667,yellow
Plättlispitz,13.166724136369735,1334.013,1758.59,3.5691650000000017,0,0,4.945555555555556,yellow
Val Maremola,18.56082090794124,896.3370000000004,323.62,12.89647,0,0,5.6994444444444445,yellow
"Val Ferret 1°day : Mont de la Saxe, Testa Bernarda e Testa de la Tronche",16.013083409154863,1019.0568012447349,2632.9251492623694,-2.1140134702054,1,1,4.932777777777778,yellow
"M. Menegosa, M. di Lama e poi via per le grandi praterie... fortuna che poi mi sono fermato!",13.766243953247121,584.4920000000003,1355.19,6.191265,0,0,3.7202777777777776,yellow
Monte Grammondo 1378 m,24.091038062006923,1317.1510000000003,1371.46,6.085509999999999,0,0,7.505277777777778,yellow
Barro & birra fest e la storia dei 400.000 €.....,7.460765212286605,570.642,917.64,9.035340000000001,0,0,3.0125,yellow
Oratorio dei Sette Fratelli,13.201084649255046,1191.223,2157.82,0.9741699999999991,0,1,4.544444444444444,yellow
90 Jahre Lustenauer Hütte (1243m),19.959951955581424,894.0840000000002,1331.76,6.34356,0,0,6.187777777777778,yellow
Colmine di Crevoladossola (1702 m),11.851093782384389,1104.0379260999998,1704.880005,3.9182799675,0,0,4.447222222222222,yellow
"Pico del Teide, 3718m",7.6838678648659755,1426.0619999999994,3702.17,-9.064104999999998,1,1,2.991111111111111,yellow
Hochmiesing von Geitau: Drumherum und hinauf,9.197252154564339,1116.6700000000003,1884.32,2.75192,0,0,3.2177777777777776,yellow
Pohlshörner,19.74383074111394,732.6000000000006,418.0,12.283,0,0,5.501666666666667,yellow
Passeggiata autunnale nella bassa val Bognanco,18.343666433681147,919.0999999999998,802.0,9.786999999999999,0,0,4.072222222222222,yellow
Wasserfall - Dagenstall - Fürenalp,5.405233176519824,875.0879999999997,1920.37,2.517595000000002,0,0,1.9197222222222223,yellow
Roundtour zur Capanna Cadlimo,23.187085708639334,1177.154,2572.84,-1.7234599999999993,0,1,8.456111111111111,yellow
Sardonahütte SAC (2157m),16.276991714893036,838.6999999999991,2158.0,0.9730000000000008,0,1,4.3677777777777775,yellow
Monte Bronzone e sentieri inesplorati.,12.950079881207108,1101.4359999999997,1330.44,6.35214,0,0,5.435833333333333,yellow
Kolbolten - Kleines Abenteuer am Jossingfjord,6.057958389770744,342.7080000000001,225.09,13.536915,0,0,2.6869444444444444,yellow
Pizzetto (1879 m),11.824513266957423,1078.2170832999998,1880.0,2.780000000000001,0,0,4.545,yellow
"Schöne Herbst-""Rund""tour auf den Madom da Sgióf",13.917769638926147,1529.8000000000006,2326.0,-0.11899999999999977,0,1,6.080277777777778,yellow
Monte Carmo di Loano da Verzi,14.044137877856988,1232.9379999999996,1380.59,6.026165000000001,0,0,4.848055555555556,yellow
Zum Sonnenaufgang auf den Piz Cavradi,10.493434434948538,676.599999999999,2826.0,-3.3689999999999998,1,1,3.7255555555555557,yellow
Chasseral via Combe Grède,17.005002855947357,913.075,1611.09,4.527915,0,0,4.458888888888889,yellow
Auf den Wank,18.3901333747846,1105.7209999999998,1777.61,3.4455350000000013,0,0,6.310277777777777,yellow
Ancora Rifugio Grassi...questa volta per cresta!!!!,20.907085933247114,1722.3880000000006,2201.08,0.6929800000000004,0,1,7.1033333333333335,yellow
"""Orte der Kraft"" im Waldreservat Wellenberg (Chräzeretobel)",8.898965338317424,334.3943359899997,690.3640137,10.51263391095,0,0,2.296388888888889,yellow
Der Sommer ist da oder Schweißtreibender Aufstieg auf die Meßnerin,7.132357468363272,1022.6,1829.5,3.10825,0,0,3.0125,yellow
Camoghè (2228 m) via Cima Calescio,20.084771905132996,1562.8860107421874,2227.380126953125,0.5220291748046879,0,1,5.923055555555556,yellow
Monte Cazzola (2330 m),8.961659976579499,788.7640377000002,2318.360107,-0.06934069549999933,0,1,3.2075,yellow
Falkenstein (Rottachberg)-Kammüberschreitung,9.938870391981096,367.4039999999999,1101.4,7.8408999999999995,0,0,2.3961111111111113,yellow
An Sgurr (394m) - Hoechster Punkt der Insel Eigg,43.66043825970058,434.248,402.45,12.384075,0,0,4.791666666666667,yellow
Von Ferden über den Ferdenpass nach Leukerbad,16.909462176564155,1547.5319999999997,2853.35,-3.5467750000000002,1,1,6.746111111111111,yellow
Meravigliosa balconata sul Monte Bianco: Mont de La Saxe (2345m) e Testa Bernarda (2534m),16.70826152701497,958.987,2532.99,-1.4644349999999982,0,1,4.770833333333333,yellow
Strihe-Überschreitung,13.366657097653668,630.9614501953124,855.22998046875,9.441005126953126,0,0,3.4719444444444445,yellow
Punta di Stou (2567 m),10.736461201478074,1227.7500000000005,2560.13,-1.6408449999999988,0,1,4.673611111111111,yellow
Gabi-Furggu Pass-Gondo,10.436358063002846,696.3889889,1872.890015,2.8262149025000003,0,0,3.5641666666666665,yellow
Albristhorn (2762),16.488389366484082,915.7040000000006,2759.12,-2.9342799999999976,1,1,5.639722222222222,yellow
"Todun & Pernice, anello in Valgrande",10.41049867828382,569.3920172999999,1505.079956,5.216980286,0,0,3.8275,yellow
Pizzo Emet (3209),7.632257895524161,1635.7999999999995,3212.0,-5.878,1,1,2.664722222222222,yellow
"Alpe Lendine, anello winter, wild & snow",10.16906386595641,928.0440000000006,1885.55,2.743925000000001,0,0,4.421111111111111,yellow
Lost in Val Trompia.....,10.053558675608075,943.4790000000004,2077.5,1.4962499999999999,0,1,4.333055555555555,yellow
Überschreitung Piz Murtiröl (2660 m),13.110715584581436,1116.5659999999998,2652.42,-2.2407299999999992,1,1,4.900833333333333,yellow
Gugel Turm nicht Google Turm,19.612987709069646,552.1815,1001.7753999023444,8.488459900634762,0,0,5.015,yellow
Pic de Foréant (3081m) am Col Agnel -ABBRUCH BEI P3022-,4.424233256483198,443.2270000000003,3028.64,-4.686159999999997,1,1,1.7994444444444444,yellow
Giro della Costa del Palio,15.99055746148198,704.8,1605.0,4.567500000000001,0,0,4.821944444444444,yellow
Valle d' Usedi - quasi sconosciuta,7.927651939301645,956.203,1778.58,3.4392300000000002,0,0,3.823611111111111,yellow
Sono ridotto all'osso...però son sul Palosso!,11.640324895970315,954.926,1160.46,7.45701,0,0,3.8538888888888887,yellow
Rundtour auf einsamen und verschwiegenen Wegen im Petzengebiet,12.02174834011353,966.95,2097.1,1.368850000000002,0,1,4.781944444444444,yellow
"Gimpelhaus, Tannheimer Hütte, Schneetalalm.",9.074601785571957,731.3999999999996,1789.0,3.371500000000001,0,0,3.391111111111111,yellow
Pizzo Badile Brembano,10.700494777205058,892.5199951171876,2013.0,1.9154999999999998,0,1,3.4044444444444446,yellow
Köglhörndl von Niederbreitenbach,11.147656751942568,1137.379,1643.51,4.317185,0,0,4.7877777777777775,yellow
Anello al Monte Bar,7.382984221923205,759.7000000000003,1773.0,3.4755000000000003,0,0,2.1577777777777776,yellow
Pizzo Taneda,26.31855674414875,1176.3680000000004,2668.81,-2.347265,1,1,7.516111111111111,yellow
Fil de Stabi (2801 m) e Pass de Mucia (2782 m),10.789919368112756,744.3600000000001,2776.91,-3.0499149999999986,1,1,4.5633333333333335,yellow
Cap. Sciora Viale Cap. Sacs Furà,19.253321957492293,1779.8248657226593,2432.75,-0.812875,0,1,7.321666666666666,yellow
Gemmenalphorn (2062 m),10.990071380808278,689.0220000000008,2058.32,1.62092,0,1,5.043055555555555,yellow
Von der Rastkogelhütte zum Marchkopf (Hike & Fly),4.131736308834551,466.8600000000006,2492.3,-1.1999500000000012,0,1,1.85,yellow
Muragl-Modul 1: Tegia Muragl,3.555143668525961,324.0800048828123,2098.39990234375,1.3604006347656252,0,1,0.9577777777777777,yellow
Chemin des Révoires + Accès au Patio Palace sur la D6007 - Zum höchsten Punkt Monacos und mehr ...,8.90682456938954,298.28999999999985,574.53,11.265555,0,0,3.388611111111111,yellow
"Monte Magnodeno & dintorni, Corno Camozzera, Ocone",21.350431537138235,1589.5033750000005,1446.84,5.5955400000000015,0,0,7.334722222222222,yellow
See Nr. 12: Alplensee: Riemenstalden - Alplensee - Rophaien - Butzen - Riemenstalden,15.332486220675257,1874.6199999999997,2128.6,1.1641000000000012,0,1,4.945,yellow
Stanislaus- and Sonora Peak,15.563370881561685,914.9599999999996,3484.7,-7.650549999999999,1,1,5.483333333333333,yellow
Fallenflue Chänzeli 1200m,8.261121401330287,487.7000000000001,1188.0,7.2780000000000005,0,0,1.8116666666666668,yellow
"Torrione di Valsolda: un bel giro, un'ottima torta, del buon vino e.......",12.914277702292285,901.6989999999998,1808.72,3.2433200000000006,0,0,4.961666666666667,yellow
Pizzo di Gino ,12.827001001971324,1098.1949999999997,2223.97,0.544195000000002,0,1,4.2555555555555555,yellow
Pizzo dei Tre Signori,11.09961237670464,1508.8149999999998,2548.36,-1.5643400000000014,0,1,4.213888888888889,yellow
"Piz D'Eus, 1730 m.",9.534514253199456,1188.3339999999998,1722.55,3.8034250000000007,0,0,4.070277777777778,yellow
Alpe Veglia- Anello Dorato,17.62783521036049,1037.5510000000004,2265.72,0.2728200000000012,0,1,5.712777777777778,yellow
Ponte Tibetano e Chiesa  Romanica di San Bernardo,6.452970157766696,700.652,771.01,9.988434999999999,0,0,2.9202777777777778,yellow
Heuttschuggen,10.314405148744266,683.9599989760238,2275.0,0.21250000000000036,0,1,3.1458333333333335,yellow
Scrigno di Poltrinone (1956 m),12.576206149895455,994.2524999999996,1917.49,2.536315,0,0,4.2747222222222225,yellow
Hauchenbergkamm und Stoffelberg,8.76543748477324,451.8019999999999,1266.33,6.768855,0,0,2.2472222222222222,yellow
Fuorcla Val Sassa,15.656096006925512,1054.84,2862.79,-3.608134999999997,1,1,5.9158333333333335,yellow
Pizzo Cingino nord o Jazzihorn ,25.185686991626106,2127.6250732421786,3212.60009765625,-5.881900634765625,1,1,7.941666666666666,yellow
"Grünten, Übelhorn (1738m) via Bergmannsweg und Alpe Kalkhöf",21.63690915159226,1012.9000000000002,1738.0,3.703000000000001,0,0,3.223611111111111,yellow
Notkarspitze und der alte Abstiegsweg ins Kühalpenbachtal,21.314154621563688,1081.831,1883.84,2.755040000000001,0,0,6.7444444444444445,yellow
Rosenmontagstour vom Tatzelwurm Richtung Asten,8.016737662832135,390.1600000000001,1195.06,7.2321100000000005,0,0,2.6766666666666667,yellow
Monte Generoso,15.720833026719022,1344.116,1693.72,3.990820000000001,0,0,5.099722222222222,yellow
Gratwandern am Dent de Nendaz,6.483032629316766,508.38700000000017,2464.48,-1.019120000000001,0,1,2.8919444444444444,yellow
"Rifugio Negros : freddo, quasi bufera ma tanta allegria",9.319321607396219,825.7539999999997,1800.04,3.29974,0,0,3.971111111111111,yellow
Premium-Wanderwege: Rappenfelsensteig im Südschwarzwald,11.576732154229754,386.0,946.0,8.850999999999999,0,0,3.9052777777777776,yellow
Einweihung der sanierten Heftihütte,11.299364484167835,839.8120000000004,1912.2,2.5707000000000004,0,0,3.8680555555555554,yellow
Massa del Turlo  (1.959m),8.737155688635859,868.0710000000001,1953.06,2.305110000000001,0,0,3.062777777777778,yellow
Alpe Camugher e Pizzo Castello - Valle Anzasca,11.829158878891455,1145.949,1613.23,4.514005000000001,0,0,4.312777777777778,yellow
Giretto in Valle Strona,6.389626222204922,818.2710564000001,1952.569946,2.308295351,0,0,2.629722222222222,yellow
Le Morgonnet,8.544480052962838,463.12199999999984,1758.39,3.5704650000000004,0,0,2.584722222222222,yellow
Gurtisspitze (1778m) + Goppaschrofen (1781m),15.108946250899397,1335.8761,1787.626,3.3804310000000015,0,0,4.612777777777778,yellow
Lücken-Tour im Alpstein,13.260178543560494,717.4380000000003,1812.46,3.219010000000001,0,0,5.566388888888889,yellow
Lötschenpass  (2676 m),27.225976690886004,2851.064000000001,2687.98,-2.471869999999999,1,1,8.223611111111111,yellow
"Alpi Apuane: ferrate monte Procinto e monte Forato,notturna Monte Matanna.",2.377022584654947,410.0000000000001,1310.41,6.482334999999999,0,0,1.035,yellow
Spätsommer auf dem Mont Raimeux,16.6931375076351,812.2016000000002,1295.811,6.5772285,0,0,4.200833333333334,yellow
Loccia di Peve (2127m) - Monte Alom (2011m) - Croce di Rovareccio (1767m),14.539567672996013,1140.9089960999995,2127.340088,1.172289428000001,0,1,5.006388888888889,yellow
Il Telegrafo non và... mi butto in Carena e viaggio altrove!,12.918585473565416,1253.3089999999995,2131.19,1.1472650000000009,0,1,5.065555555555555,yellow
Pizzo Tre Confini M.Verme,21.41250464372788,1799.0351074218704,2819.60009765625,-3.327400634765624,1,1,6.465833333333333,yellow
Pic de Casamanya (2740m) -kurze Schnuppertour in Andorra-,3.6205245391953134,24.518349999999877,2741.33,-2.818645,1,1,1.1608333333333334,yellow
Demeljoch - Lange Rundtour im schönen Vorkarwendel,19.90799503566719,1240.2524999999994,1968.649,2.2037815000000016,0,0,6.110555555555556,yellow
Sentiero Glaciologico al Ghiacciaio dei Forni,11.517781999439778,575.5850000000014,2556.28,-1.6158199999999994,0,1,4.302777777777778,yellow
Monte Piambello (1129 m),13.911784608710276,726.6309749999996,1126.119995,7.6802200325,0,0,4.265,yellow
Vitznauerstock / Gersauerstock,5.668169644888138,345.743732975429,1443.95699968,5.6142795020800005,0,0,2.016388888888889,yellow
Monte Campellio da Rasega,21.73502585415106,1772.376989746093,2798.60009765625,-3.190900634765626,1,1,5.452222222222222,yellow
Der Tito Vrv in Winter (2747m) - Erreichte Höhe: 2325m,13.524379500197119,640.4344999999996,2327.251,-0.12713150000000084,0,1,4.689166666666667,yellow
Kapf (1153m) via Örfla-Schlucht und Schreckweg,10.428412048712108,717.1,1182.0,7.317,0,0,3.1619444444444444,yellow
Monte Pallarea e Monte Ceppo,24.940183261607817,1460.31290625,1627.63,4.420405000000001,0,0,7.323055555555555,yellow
Orridi di Uriezzo,7.144411785389617,434.791,677.68,10.59508,0,0,2.533888888888889,yellow
"Cimetta (1671 m),cima delle Trosa(1869 m)",6.763341320247415,746.56,1862.74,2.892190000000001,0,0,2.1075,yellow
Mt. Mitchell,6.295137661922279,299.34006347656214,2036.0,1.766,0,1,1.9944444444444445,yellow
